FragmentID,SMILES,Unnamed: 2,MW,logP,HBD,HBA,TPSA,RotBonds,Solubility_mg_per_mL
Z1546616193,O=C1NC=NC2=C1N=CN2[C@H]3CC[C@@H](CO)O3,,236.23099999999997,-0.21050000000000008,2,6,93.03,2,0.19730572568899918
Z1501480421,CCCCCOC(=O)NC1=NC(=O)N(C=C1F)[C@@H]2O[C@H](C)[C@@H](O)[C@H]2O,,359.35400000000004,0.7602,3,8,122.91000000000001,6,1.069403702507431e-05
Z107296178,O=C(CN1C(=O)C(F)=CN(C1=O)C2CCCO2)NC3CCCC=4C=CC=CC43,,387.4110000000002,1.6518999999999997,1,6,82.33,4,8.270785310654352e-05
Z666561842,N#CC1=CN(CCCN2CCC=3C=CC=CC32)C(=O)NC1=O,,296.33,0.8610799999999998,1,5,81.88999999999999,4,0.0007357143399133348
Z2755767126,CN1C=C(CNC(=O)CC2CCCCCC2)C(=O)NC1=O,,293.36699999999996,1.0503,2,4,83.96000000000001,4,0.000653261193079046
Z2760962371,CC1CN(CCS(=O)C1)C=2N=CN=C3C2N=CN3C4CC(CO)(CO)C4,,379.4860000000002,0.33699999999999963,2,8,104.37,4,0.0005246293201809085
Z94557627,O=C(CN1C(=O)C(F)=CN(C1=O)C2CCCO2)N3N=C(CC3C4=CC=CO4)C=5C=CC(Cl)=CC5,,486.88700000000017,3.0824000000000016,0,8,99.03999999999999,5,3.913603096113456e-07
Z94556468,O=C(CN1C(=O)C(F)=CN(C1=O)C2CCCO2)NC3=CC=CC=C3OC=4C=CC=CC4,,425.4160000000001,2.889100000000001,1,7,91.56,6,2.557064128384787e-07
Z94557849,O=C(CN1C(=O)C(F)=CN(C1=O)C2CCCO2)NC3=CC=CC=C3SC=4C=CC(Cl)=CC4,,475.9290000000001,3.9014000000000024,1,7,82.33,6,3.6384831554246474e-08
Z94560110,O=C(CN1C(=O)C(F)=CN(C1=O)C2CCCO2)NC=3C=CC=4CCCC4C3,,373.3840000000002,1.5855,1,6,82.33,4,0.00010723335746533437
Z107296274,O=C1C(F)=CN(C(=O)N1CC2=NN=C(O2)C=3C=CC(Cl)=CC3)C4CCCO4,,392.7740000000001,2.2097999999999995,0,8,92.15,4,2.5934025383446436e-05
Z94556873,O=C(CN1C(=O)C(F)=CN(C1=O)C2CCCO2)NC=3C=CC(=CC3)S(=O)(=O)N4CCCC4,,466.49100000000027,0.8813,1,8,119.71,6,1.945897989385709e-06
Z94556768,O=C(CN1C(=O)C(F)=CN(C1=O)C2CCCO2)N3CCC=4C=CC=CC43,,359.3570000000001,1.0473999999999999,0,6,73.53999999999999,3,0.001466934453993363
Z94558674,COC=1C=CC=CC1NC(=O)C=2C=CC(=CC2)NC(=O)CN3C(=O)C(F)=CN(C3=O)C4CCCO4,,482.46800000000036,2.3576999999999995,2,8,120.66000000000001,7,3.934195286914366e-08
Z107296100,O=C1C(F)=CN(C(=O)N1CC2=NN=C(O2)C=3C=CC(Br)=CC3)C4CCCO4,,437.22500000000014,2.3188999999999993,0,8,92.15,4,1.3064806636997811e-05
Z107297130,O=C1C(F)=CN(C(=O)N1CC=2C=CC=3C=CC=CC3N2)C4CCCO4,,341.34200000000016,2.0545999999999998,0,6,66.12,3,0.0004631816321860967
Z135402312,O=C(CN1C=CC(=O)NC1=O)NC=2C=CC=CC2,,245.238,0.17529999999999918,2,4,83.96000000000001,3,0.021228199755479685
Z94556008,O=C(CN1C(=O)C(F)=CN(C1=O)C2CCCO2)NC=3C=CC=CC3,,333.319,1.0967999999999998,1,6,82.33,4,0.000344602378122855
Z278136686,COC=1C=CC(C)=CC1C(C)NC(=O)CN2C(=O)C(F)=CN(C2=O)C3CCCO3,,405.4260000000002,1.6525199999999998,1,7,91.55999999999999,6,1.9490491748803795e-06
Z282038648,CC(NC(=O)CN1C(=O)C(F)=CN(C1=O)C2CCCO2)C3=CC=CO3,,351.33400000000006,0.9284999999999994,1,7,95.47,5,5.440945556235301e-05
Z286114864,CS(=O)(=O)N1CCN(CC1)C(=O)CN2C(=O)C(F)=CN(C2=O)C3CCCO3,,404.4200000000002,-1.4380999999999962,0,8,110.92,4,0.0034666629969662545
Z229664396,N#CC=1C=CC=C(C1)CN2C(=O)C(F)=CN(C2=O)C3CCCO3,,315.3040000000001,1.37808,0,6,77.02,3,0.0014240796495806555
Z356370146,COCCN1C(=O)C(C#N)=CN(C1=O)C2CC2,,235.24299999999997,-0.13702000000000036,0,6,77.02,4,0.0054602522843981115
Z94560748,CC=1C=CC=C(NC(=O)CNC(=O)CN2C(=O)C(F)=CN(C2=O)C3CCCO3)C1C,,418.42500000000024,0.829839999999999,2,7,111.42999999999999,6,4.875323347185829e-06
Z94558269,O=C1C(F)=CN(C(=O)N1CC2=NC=3C=CC=CC3S2)C4CCCO4,,347.37100000000015,2.1160999999999994,0,7,66.12,3,0.00039557638642721013
Z381624082,CN1C=C(C(=O)NC(C2CC2)C3CC3)C(=O)NC1=O,,263.29699999999997,-0.007999999999999285,2,4,83.96000000000001,4,0.004181041813074341
Z221234574,CCCC(C)NC(=O)CN1C=CC(=O)NC1=O,,239.275,-0.1585999999999998,2,4,83.96000000000001,5,0.0012121331394355443
Z756475348,O=C1NC(=O)N(C=C1F)[C@H]2C[C@H](O)[C@@H](CO)O2,,246.194,-1.6836000000000009,3,6,104.55000000000001,2,1.5005230271220513
Z666560644,CCN(CC)C=1C=CC(=CN1)CN2C=C(C#N)C(=O)NC2=O,,299.334,0.6977799999999998,1,6,94.78,5,0.00013740541533361153
Z666563062,CC=1C=CC(=NC1)NCCCN2C=C(C#N)C(=O)NC2=O,,285.307,0.6139,2,6,103.57,5,0.0001863082245519276
Z144591824,O=C(CN1C=CC(=O)NC1=O)NC2CCCC2,,237.25899999999993,-0.40459999999999985,2,4,83.96000000000001,3,0.0533770902795315
Z961006098,CCCC(C)(C)NC(=O)CN1C=CC(=O)NC1=O,,253.302,0.23149999999999993,2,4,83.96000000000001,5,0.0005964323880052017
Z94556813,O=C(CN1C(=O)C(F)=CN(C1=O)C2CCCO2)NC3=CC(=CC(=C3)C(F)(F)F)C(F)(F)F,,469.31300000000005,3.134400000000001,1,6,82.33,4,3.623013767512598e-06
Z94557424,O=C(CN1C(=O)C(F)=CN(C1=O)C2CCCO2)C=3C=CC(Br)=CC3,,397.2,2.1034999999999995,0,6,70.3,4,3.884760416102041e-05
Z94560942,COCC(C)N1C(C)=CC(C(=O)CN2C(=O)C(F)=CN(C2=O)C3CCCO3)=C1C,,407.44200000000023,1.9667399999999997,0,8,84.46,7,2.0802675519040933e-07
Z383222594,CN1C(=O)C=CN(CC(=O)NCC(F)(F)F)C1=O,,265.191,-0.7745000000000004,1,5,73.1,3,0.06834544585267105
Z56777085,CC(=O)OCC1OC(C(OC(C)=O)C1OC(C)=O)N2C(Br)=NC=3C(N)=NC=NC32,,472.2520000000001,0.4949,1,12,157.75,5,1.0325816569200974e-05
Z56780075,C1=NC=2C(=NC=NC2N1C3CCCCO3)NCC=4C=CC=CC4,,309.37299999999993,3.137500000000001,1,6,64.86,4,2.9688264371121282e-05
Z107295544,O=C(CN1C(=O)C(F)=CN(C1=O)C2CCCO2)NCC3=CC=C4OCOC4=C3,,391.3550000000002,0.5032000000000005,1,8,100.79,5,5.894050964731742e-05
Z94559538,CC1=CC(C(=O)CN2C(=O)C(F)=CN(C2=O)C3CCCO3)=C(C)N1CC4=CC=CO4,,415.4210000000002,2.40064,0,8,88.36999999999999,6,5.251157528835708e-07
Z2760969008,CC1OCCC1(O)CN2C=NC=3C(=NC=NC32)N4C[C@H](F)C[C@H]4C(N)=O,,364.38100000000014,-0.23169999999999902,2,8,119.38999999999999,4,0.0011588427908716592
Z2760944633,CCC(CC)CN(CCC#N)C=1N=CN=C2C1N=CN2CC(O)C3CCCO3,,386.5000000000002,2.5224800000000007,1,8,100.09,10,6.716563085914444e-10
Z2760943690,COCCN(CCC#N)C=1N=CN=C2C1N=CN2CC3(O)CCOC3C,,360.41800000000023,0.7326799999999996,1,9,109.32000000000002,8,3.2412047924857824e-07
Z2760972409,CC1CC1N2CCN(CC(C)C2)C=3N=CN=C4C3N=CN4CC5(O)CCOCC5,,400.52700000000027,1.5342999999999989,1,8,79.54,4,8.740079795961493e-05
Z3141238105,CC(C)N1C=C(CNC(=O)N2CCOC[C@H]2C)C(=O)NC1=O,,310.354,0.04780000000000101,2,5,96.43,3,0.01073911633807115
Z2760947107,CCN(C=1N=CN=C2C1N=CN2CC(CO)C3CCOC3)C(C)CS(C)(=O)=O,,411.52800000000025,0.7306999999999999,1,9,110.44,9,3.205861747894089e-08
Z2760963320,COCC1CN(CC(C)O1)C=2N=CN=C3C2N=CN3CC4(CO)CCOCC4,,391.4720000000003,0.8554999999999993,1,9,94.76000000000002,6,6.98311677580326e-06
Z2760974081,CC1OCCC1(O)CN2C=NC=3C(=NC=NC32)N4C5CCC4C(CO)C5,,359.4300000000002,0.7157999999999995,2,8,96.53,4,0.0004256124494580044
Z382731684,CCN(CC)C(=O)N1CCN(CC2=CC(=O)N(C)C(=O)N2C)CC1,,337.4240000000001,-0.33659999999999757,0,6,70.79000000000002,4,0.002651338446456981
Z1544608062,CC1=CN(C(=O)N(CC(=O)N2CCC=3C=C(C=CC32)[N+]([O-])=O)C1=O)C4CC(O)C(CO)O4,,446.4160000000002,-0.5433799999999993,2,10,157.14,5,7.472225190604779e-05
Z107297016,O=C(CN1C(=O)C(F)=CN(C1=O)C2CCCO2)N3CCN(CC3)C(=O)C4=CC=CS4,,436.4650000000002,0.5042000000000011,0,8,93.85,4,0.00017911024316236935
Z1818986429,CCN1C=C(C#N)C(=O)N(CCCN2CCN(CC2)C(C)C)C1=O,,333.43600000000004,0.3176800000000013,0,7,74.27000000000001,6,3.388058397843527e-05
Z1980898745,OC[C@H]1O[C@H]([C@H](O)[C@@H]1O)N2C=NC=3C(=NC=NC32)N4CCC=5C=CC=CC54,,369.38100000000014,0.13199999999999878,3,9,116.75999999999999,3,0.004281464552266553
Z1980978363,OCCC(NC=1N=CN=C2C1N=CN2[C@@H]3O[C@H](CO)[C@@H](O)[C@H]3O)C4CCCCC4,,407.47100000000023,0.18099999999999894,5,10,145.78000000000003,7,2.541361843946685e-06
Z1672739450,O=C1C(F)=CN(C(=O)N1CC(O)CCC=2C=CC=CC2)C3CCCO3,,348.37400000000014,1.4517999999999993,1,6,73.46000000000001,6,6.49730022697695e-06
Z382734618,CN(C)C(=O)N1CCN(CC2=CC(=O)N(C)C(=O)N2C)CC1,,309.37000000000006,-1.1167999999999978,0,6,70.79000000000002,2,0.3398037734584503
Z821318386,N#CC1=CN(C(=O)N(CCCN2CCCC2=O)C1=O)C3CC3,,302.334,0.22907999999999928,0,6,88.1,5,0.000247226937999759
Z1544608199,CC1=CN(C(=O)N(CC2=CC(C)=NC3=CC=CC=C23)C1=O)C4CC(O)C(CO)O4,,397.4310000000002,0.8640399999999995,2,8,106.58000000000001,4,0.00019202790307141013
Z212240750,CN1C(=O)C=C(CN2CCN(CCO)CC2)N(C)C1=O,,282.344,-1.8060999999999967,1,7,70.71000000000001,4,0.04784414116669258
Z212212618,CCCN1CCN(CC2=CC(=O)N(C)C(=O)N2C)CC1,,280.37200000000007,-0.3883999999999985,0,6,50.48,4,0.007099703952445252
Z822176618,CCN1C=C(C#N)C(=O)N(CC(O)CN2CCC(C)CC2)C1=O,,320.3930000000001,-0.005619999999999736,1,7,91.25999999999999,5,0.0003171224725781531
Z995340470,N#CC1=CN(C(=O)N(CCC(=O)NC=2C=CC=CC2)C1=O)C3CC3,,324.34000000000015,1.2453799999999993,1,6,96.88999999999999,5,4.5725989509422486e-05
Z1190346088,CCN1C=C(C#N)C(=O)N(CC(F)F)C1=O,,229.18599999999995,0.16668000000000005,0,5,67.78999999999999,3,0.023307005835207416
Z1263820433,Cl.NC=1C=CC=C(N1)C(=O)N2CCCC2CO,,257.7209999999999,0.6825000000000001,2,4,79.45,2,0.052312395503200965
Z1162463429,CC1=CN(C(=O)NC1=O)C2CC(O)C(CO)O2,,242.231,-1.5142799999999992,3,6,104.55000000000001,2,1.2220639194937741
Z1341543331,NC=1N=CN=C2C1N=CN2[C@@H]3O[C@H](CO)[C@@H](O)[C@H]3O,,267.245,-1.9800000000000006,4,9,139.54000000000002,2,1.330915823680541
Z1341535564,CCN1C=C(C#N)C(=O)N(CCCNC(=O)C2CCCC2)C1=O,,318.3770000000001,0.5980799999999995,1,6,96.88999999999999,6,2.274436866027877e-05
Z135417488,O=C(CN1C=CC(=O)NC1=O)NC2CCCCC2,,251.28599999999992,-0.01450000000000018,2,4,83.96000000000001,3,0.026276655860409778
Z2025567901,CC(=O)OCCOCN1C=NC=2C(=O)NC(N)=NC21,,267.245,-0.7609999999999995,2,8,125.12,5,0.001232254998674601
Z2752584332,"Cl.CN1C=C(C=N1)[C@H]2[C@H](C(=O)O)[C@H](O)C(=O)N2C |&1:7,8,12,r|",,275.692,-0.5833000000000002,2,5,95.66000000000001,2,0.2170964710590341
Z1431068613,NC=1N=CC=C(N1)N2CCCC2CO,,194.23799999999997,0.01989999999999964,2,5,75.27,2,0.270334577115632
Z107295666,O=C(CN1C(=O)C(F)=CN(C1=O)C2CCCO2)N3CCC(CC=4C=CC=CC4)CC3,,415.4650000000002,1.9394,0,6,73.53999999999999,5,6.911772634391285e-06
Z94559553,CC1=CC(C(=O)CN2C(=O)C(F)=CN(C2=O)C3CCCO3)=C(C)N1CC4=CC=CS4,,431.4890000000002,2.8691400000000016,0,8,75.22999999999999,6,2.6351159435585227e-07
Z104508106,O=C1NC(=O)N(C=C1F)C2CCCO2,,200.16899999999995,-0.015300000000000091,1,4,64.09,1,1.4840482445420353
Z56786759,CC1=CN(C(=O)NC1=O)C2OC(COC(=O)C=3C=CC=CC3)C(O)C2O,,362.338,-0.678780000000001,3,8,130.85000000000002,4,0.0022550162863493816
Z94557672,O=C(CN1C(=O)C(F)=CN(C1=O)C2CCCO2)N(CCC=3C=CC=CC3)CC=4C=CC=CC4,,451.49800000000016,2.7296000000000005,0,6,73.53999999999999,8,8.599639203313206e-09
Z56777074,CC(=O)OCC1OC(C(OC(C)=O)C1OC(C)=O)N2C(=NC3=C(N)N=CN=C32)S(C)(=O)=O,,471.4480000000002,-0.8640999999999974,1,14,191.89,6,8.501571226199738e-06
Z666560160,CN1CCN(CC=2C=CC(=CC2)CN3C=C(C#N)C(=O)NC3=O)CC1,,339.3990000000001,0.20398000000000033,1,6,85.13,4,0.0011301845300478307
Z2760966296,O=C1CN(CN1CC2CC2)C=3N=CN=C4C3N=CN4CC5(CO)CCOCC5,,386.4560000000003,0.6314999999999986,1,8,96.61000000000001,6,9.99005442911593e-06
Z56777083,NC=1N=CN=C2C1N=C(Br)N2C3CC(O)C(CO)O3,,330.14200000000005,-0.18830000000000024,3,8,119.31000000000002,2,0.0565704167170386
Z2587626535,Cl.O=C(O)C1CC(O)CN1C2=CC=NC=N2,,245.666,-0.07740000000000014,2,5,86.55,2,0.16168802439563326
Z3212792438,O=C1NC(=O)N(C=C1CC=2C=CC=CC2)COCCO,,276.29200000000003,0.0937999999999995,2,5,84.32000000000001,6,0.00010359622021856183
Z2510971309,CN1N=NN=C1N2C[C@H](O)C[C@H]2C(=O)O,,213.197,-1.765699999999999,2,7,104.37000000000002,2,2.0189738280664344
Z2472856664,Cl.Cl.OC1(CN2C=CN=N2)CCNC1,,241.12199999999999,-0.1539000000000001,2,5,62.97,2,0.26207007758213197
Z1521553474,NC1=NC(=O)N(C=C1F)[C@@H]2CS[C@H](CO)O2,,247.25099999999998,-0.45500000000000024,2,7,90.37,2,0.26098278229803956
Z756440078,NC=1N=C(F)N=C2C1N=CN2[C@@H]3O[C@H](CO)[C@@H](O)[C@@H]3O,,285.235,-1.8409000000000002,4,9,139.54000000000002,2,0.897992718033936
Z1255420592,OC1(CCNC1)C2=CC=NN2,,153.18499999999997,-0.4094000000000004,3,3,60.94,1,5.568666904634965
Z3016341160,[Li+].CN1C=C(CN2CCC(O)C2)C(=N1)C([O-])=O,,231.181,-4.645799999999997,1,6,81.41999999999999,3,23.711768048211116
Z2489072449,Cl.O=C(O)C1CC(O)CN1C=2N=CN=C3N=CNC23,,285.691,-0.20110000000000022,3,6,115.22999999999999,2,0.09952343549308
Z1753047894,CCC1=NN=C(O1)[C@H]2C[C@@H](O)CN2,,183.21099999999998,0.02729999999999999,2,5,71.18,2,0.31243835688508415
Z2896887363,[K+].[O-]C(=O)C1=COC(CN2CC[C@H](O)C2)=N1,,250.29499999999996,-4.3912999999999975,1,6,89.63,3,12.06041283025889
Z3052952334,Cl.Cl.OC1(CN2CCC(CC2)OC=3C=CC=C(C3)C(F)(F)F)CCNC1,,417.2990000000001,3.116600000000001,2,4,44.730000000000004,4,1.3594259127477353e-05
Z1258981692,NC=1N=CC=C(N1)N2CCC(O)C2,,180.21099999999998,-0.3702000000000003,2,5,75.27,1,2.965371413485891
Z3001750495,Cl.Cl.CCC1=NC(=NN1)[C@@H]2C[C@@H](O)CN2,,255.14900000000003,0.6059999999999997,3,4,73.83,2,0.07552836276347608
Z2418413815,Cl.CN1C=C(N)C(=N1)C(=O)N2CCCC2CO,,260.72499999999997,0.02099999999999974,2,5,84.38000000000001,2,0.12364531807945177
Z1546610488,CC1=CN(C(=O)NC1=O)[C@@H]2C[C@@H](O)[C@H](CO)O2,,242.231,-1.5142799999999992,3,6,104.55000000000001,2,1.2220639194937741
Z2310170022,"CC(C)N1C=C(C=N1)[C@@H]2CNC[C@H]2CO |&1:8,12,r|",,209.29299999999998,0.7592999999999999,2,4,50.08,3,0.020715675680726752
Z1546624231,Cl.CC(C)[C@H](N)C(=O)OCCOCN1C=NC=2C(=O)NC(N)=NC21,,360.8020000000001,-0.37579999999999875,3,9,151.14000000000004,7,6.7330297942041155e-06
Z2228348553,CC(C)C(=O)NC1=NC2=C(N=CN2[C@@H]3O[C@H](CO)[C@@H](O)[C@H]3O)C(=O)N1,,353.33500000000004,-1.6743999999999997,5,9,162.59,4,0.009264919689382579
Z1741975385,OC[C@H]1O[C@H]([C@H](O)[C@@H]1O)N2C=NC=3C(Cl)=NC=NC32,,286.675,-0.9088000000000003,3,8,113.52,2,0.28146786647520994
Z118507064,O=C(O)CN1C(=O)C(F)=CN(C1=O)C2CCCO2,,258.205,-0.45730000000000004,1,6,90.52999999999999,3,0.03647645697516131
Z1511499171,NC=1C=CN(C(=O)N1)[C@@H]2O[C@H](CO)[C@@H](O)[C@@H]2O,,243.21900000000002,-2.5629999999999993,4,8,130.83,2,4.484868343375738
Z2681261526,Cl.NCC1=CN(CC(F)(F)F)C(=O)NC1=O,,259.615,-0.020599999999999896,2,4,80.88,2,0.13944880002585452
Z2235802070,COC=1C=CC(=CC1Cl)CNC=2N=C(N=CC2C(=O)NCC=3N=CC=CN3)N4CCC[C@H]4CO,,483.9600000000003,2.4318000000000004,3,9,125.39,9,1.2528049712958525e-09
Z2955323494,Cl.Cl.O[C@H]1CN[C@@H](C1)C2=NNC(=N2)C=3C=CC=CC3,,303.19300000000004,1.7106,3,4,73.83,2,0.009104677566071136
Z1515383340,NC=1N=CN(C(=O)N1)[C@@H]2O[C@H](CO)[C@@H](O)[C@H]2O,,244.207,-3.167999999999999,4,9,143.72,2,8.937060717418678
Z1546610471,NC1=NC(=O)C=2N=CN(COCCO)C2N1,,225.20799999999997,-1.3318000000000003,3,7,119.05000000000001,4,0.03013201769316434
Z754931264,CC1=CN(C(=O)NC1=O)[C@H]2C[C@H](N=[N+]=[N-])[C@@H](CO)O2,,267.245,-0.1962800000000004,2,6,133.07999999999998,3,0.014694911962750854
Z2760962857,CC1CN(CCN1CC(C)(C)O)C=2N=CN=C3C2N=CN3CC4(CO)COC4,,390.4880000000002,0.11660000000000054,2,9,99.77000000000001,6,2.241321164899792e-05
Z2760968725,O=C1CN(CN1CC(F)(F)F)C=2N=CN=C3C2N=CN3CC(CO)C4CCOC4,,414.38800000000026,0.6396999999999995,1,8,96.61000000000001,6,7.104451772501882e-06
Z2760974085,OCC(CN1C=NC2=C(N=CN=C21)N3C4CCC3C(CO)C4)C5CCOC5,,373.4570000000002,0.8208999999999997,2,8,96.53,6,1.0291062225045e-05
Z2760959656,CN(CCO)C1CCN(CC1)C=2N=CN=C3C2N=CN3CC4(O)CCOC4,,376.4610000000002,-0.12939999999999952,2,9,99.77000000000001,6,3.7719314511592445e-05
Z2760939441,CCNC(=O)CN(CC)C=1N=CN=C2C1N=CN2CC3(O)CCOCC3,,362.43400000000025,0.33020000000000005,2,8,105.4,7,3.834529931804203e-06
Z2760977749,OCCOCCN(CCO)C=1N=CN=C2C1N=CN2C3CC(CO)(CO)C3,,381.4330000000002,-1.0601999999999985,4,10,136.99,11,2.2208522354178555e-08
Z2760954293,N#CCC(=O)N1CCN(CC1)C=2N=CN=C3C2N=CN3CC4(O)CCOC4,,371.40100000000024,-0.4600200000000003,1,9,120.4,4,0.001260577260807919
Z2760954340,CN1CCC2C(CCCN2C=3N=CN=C4C3N=CN4C5CC(CO)(CO)C5)C1,,386.5000000000002,1.0526999999999997,2,8,90.54,4,0.0002072089443912739
Z2760966596,OCC1(CN2C=NC3=C(N=CN=C32)N4CCCC4C5COCCC5O)CCOCC1,,417.51000000000033,0.9816,2,9,105.76,5,2.350373500375372e-05
Z2760945022,CN(C)CCN1CCCN(CC1)C=2N=CN=C3C2N=CN3CC(O)C4CCCO4,,403.5310000000002,0.43990000000000223,1,9,82.78,7,2.377758285293789e-06
Z2760958053,CCOCCO[C@H]1CCN(C1)C=2N=CN=C3C2N=CN3CC(O)C4CCCO4,,391.4720000000002,0.9979999999999991,1,9,94.76000000000002,9,3.421955082924787e-08
Z107296876,O=C(CN1C(=O)C(F)=CN(C1=O)C2CCCO2)C3=C(NC4=CC=CC=C34)C=5C=CC=CC5,,433.4390000000001,3.489300000000002,1,6,86.09,5,5.765104524736478e-07
Z145544798,O=C(CN1C=CC(=O)NC1=O)N2CCNC(=O)C2,,252.22999999999993,-2.5049999999999972,2,5,104.27000000000001,2,4.0040615048408705
Z191397962,CCNC(=O)N1CCN(CC1)C(=O)CN2C=CC(=O)NC2=O,,309.326,-1.5896999999999966,2,5,107.50999999999999,3,0.10024119275054612
Z1542548589,CC1CN(CCN1CC(F)(F)F)C(=O)CN2C=CC(=O)NC2=O,,334.29800000000006,-0.36839999999999934,1,5,78.41,3,0.016562205858023236
Z3204056427,CCN1C=C(CNC(=O)C(F)C(F)(F)F)C(=O)NC1=O,,297.20799999999997,0.07310000000000005,2,4,83.96000000000001,4,0.002585579496794593
Z1272967670,N#CC1=CN(C(=O)N(CC2CCC2)C1=O)C3CC3,,245.28199999999993,1.0166799999999998,0,5,67.78999999999999,3,0.00577655454759586
Z382844786,CCC(C)NC(=O)CN1C=CC(=O)N(C)C1=O,,239.27499999999998,-0.5382999999999993,1,5,73.1,4,0.011532443216430184
Z135626990,CCC(C)(C)NC(=O)CN1C=CC(=O)NC1=O,,239.27499999999998,-0.1585999999999998,2,4,83.96000000000001,4,0.006661167046771952
Z94556663,O=C(CN1C(=O)C(F)=CN(C1=O)C2CCCO2)NC=3C=CC=4OCOC4C3,,377.32800000000015,0.8254999999999999,1,8,100.79,4,0.00023904542353468002
Z2760962909,CC1(C)CN(CCN1CCO)C=2N=CN=C3C2N=CN3CC4(CO)COC4,,376.46100000000024,-0.2718999999999985,2,9,99.77000000000001,6,4.638085940249817e-05
Z2760966608,CNC(=O)C1(C)CCN(C1)C=2N=CN=C3C2N=CN3CC(O)C4CCCO4,,374.4450000000002,0.3286,2,8,105.4,5,0.0001010208540461091
Z2760972620,OC(CN1C=NC2=C(N=CN=C21)N3CCOCC3CC4CCC4)C5CCCO5,,387.4840000000003,1.7615999999999996,1,8,85.53,6,2.232877894999375e-06
Z2760947034,OC1(CN2C=NC3=C(N=CN=C32)N(CC4CCCO4)C5CCCC5)CCOCC1,,401.51100000000037,2.2958,1,8,85.53,6,8.725598951291024e-07
Z2760943001,CCC(=O)NC1CCCN(C1)C=2N=CN=C3C2N=CN3CC4(O)CCOC4C,,388.4720000000002,0.8611999999999997,2,8,105.4,5,3.9616611036754975e-05
Z2760963802,OCC1(CO)CC(C1)N2C=NC=3C(=NC=NC32)N4CCOC(COCC5CC5)C4,,403.48300000000035,0.7639999999999996,2,9,105.76,8,2.2927180034252666e-07
Z2760965781,CCN(C=1N=CN=C2C1N=CN2CC3(O)CCOCC3)C4CCNC4=O,,360.4180000000002,0.08260000000000028,2,8,105.4,5,0.0001697371369387299
Z2760968142,CC1OCCC21CN(CC(C)O2)C=3N=CN=C4C3N=CN4CC5(O)CCOC5,,389.45600000000024,0.7503999999999993,1,9,94.76000000000002,3,0.0013820355006947287
Z2760946985,COCCN1CCN(CC1C)C=2N=CN=C3C2N=CN3C4CC(CO)(CO)C4,,390.4880000000002,0.2891000000000016,2,9,99.77000000000001,7,3.1756241222262245e-06
Z2760973237,CCOC1CC(C1)N(C)C=2N=CN=C3C2N=CN3CC4(CO)COC4,,347.4190000000002,0.8388999999999998,1,8,85.53,7,2.4613238834579704e-06
Z2760962451,OCCOC1CCCN(C1)C=2N=CN=C3C2N=CN3CC(CO)C4CCOC4,,391.47200000000026,0.4489999999999997,2,9,105.76000000000002,8,4.170079212140891e-07
Z2760964377,CC1OCCC1(O)CN2C=NC=3C(=NC=NC32)N4CCOC5(CCOC5)C4,,375.4290000000003,0.36190000000000033,1,9,94.76,3,0.002859637717746306
Z2760975982,CNC(=O)CC1(O)CCCN(C1)C=2N=CN=C3C2N=CN3CC4(CO)COC4,,390.4440000000002,-0.6973999999999989,3,9,125.63000000000002,6,5.948232743870902e-05
Z2760948750,CC(=O)NCC1CN(CCO1)C=2N=CN=C3C2N=CN3CC4(O)CCOCC4,,390.44400000000024,-0.2908999999999986,2,9,114.63000000000002,5,0.00018125623443418853
Z2760970495,COC1CC(N(C)C=2N=CN=C3C2N=CN3CC(O)C4CCCO4)C51CCC5,,387.4840000000003,1.7599999999999993,1,8,85.53,6,2.238066436473822e-06
Z2760969094,O=S1(=O)CC[C@H]2CN(C[C@H]21)C=3N=CN=C4C3N=CN4CC(O)C5CCCO5,,393.4690000000002,-0.010499999999999732,1,9,110.44000000000003,4,0.0005826097141292846
Z1544608209,CC1=CN(C(=O)N(CC(=O)NC=2C=CC(=CC2)C(C)(C)C)C1=O)C3CC(O)C(CO)O3,,431.48900000000026,0.895319999999999,3,8,122.79,5,2.074657109676623e-05
Z2760976264,OCC1(CO)CC(C1)N2C=NC=3C(=NC=NC32)N4CC(O)(C4)C(F)F,,355.3450000000001,-0.051600000000000035,3,8,107.53,5,0.00024708091953492157
Z2760949355,CC1CC2CCCCC2N1C=3N=CN=C4C3N=CN4CC5(O)CCOC5,,357.45800000000025,2.1350999999999996,1,7,76.30000000000001,3,0.00034679467566016935
Z2760956898,COC1CCC2OCCN(C=3N=CN=C4C3N=CN4CC5(CO)CCOCC5)C2C1,,417.5100000000004,1.3880999999999997,1,9,94.76000000000002,5,1.3032924577101967e-05
Z2760971074,OCC(CN1C=NC2=C(N=CN=C21)N3CCCCC3C4CCCC4O)C5CCOC5,,415.53800000000024,1.9912,2,8,96.53,6,1.1498445872586854e-06
Z2760969724,OCC1(CN2C=NC3=C(N=CN=C32)N4CCCC54CCOC5)CCOCC1,,373.4570000000003,1.3746999999999998,1,8,85.53,4,0.000139176594051678
Z666561866,N#CC1=CN(CCCN2CCC=3C=CC=CC3C2)C(=O)NC1=O,,310.357,0.8566799999999999,1,5,81.88999999999999,4,0.0006347456674296065
Z226861792,CCN1C=C(C#N)C(=O)N(CCC=2C=CN=CC2)C1=O,,270.292,0.5392800000000002,0,6,80.68,4,0.0013558023795731673
Z384988750,CC1(C)NC(=O)N(CCCN2C(=O)C(C#N)=CN(C2=O)C3CC3)C1=O,,345.35900000000015,-0.06292000000000075,1,7,117.19999999999999,5,0.0001817542513726309
Z319144664,CCNC(=O)CN1CCN(CC2=CC(=O)N(C)C(=O)N2C)CC1,,323.3970000000001,-1.6622999999999954,1,7,79.58000000000001,5,0.003985140035412697
Z2865985250,CN1C=C(C=CC(=O)N2CCCCCC2)C(=O)N(C)C1=O,,291.35099999999994,0.49979999999999936,0,5,64.31,2,0.04338167466078934
Z666564728,N#CC1=CN(CC2CCN(C2)C=3C=CC=CC3)C(=O)NC1=O,,296.33,0.9347799999999999,1,5,81.88999999999999,3,0.003633107271040857
Z104442664,Cl.CN1C(=O)C(=C(N)N(C)C1=O)N2CCNCC2,,275.74000000000007,-1.502399999999998,2,7,85.28999999999999,1,5.220159480103665
Z56786767,CC(=O)OCC1OC(C(OC(C)=O)C1OC(C)=O)N2C=C(F)C(=O)NC2=O,,388.3040000000001,-1.0003999999999988,1,10,142.98999999999998,5,0.00030199452140206614
Z1779548012,CCC1(CCC1)C(=O)NC=2N=CN=C3C2C(C)=C(C)N3CC4CCCO4,,356.4700000000002,3.7459400000000027,1,5,69.04,5,1.240871432029266e-06
Z511654116,COCC(C)N(C)C(=O)CN1C=CC(=O)N(C)C1=O,,269.301,-0.9596999999999982,0,6,73.53999999999999,5,0.0024207100101376155
Z2760968953,CO[C@H]1C[C@@H](CN(C)C=2N=CN=C3C2N=CN3CC(CO)C4CCOC4)N(C)C1,,404.51500000000027,0.6266000000000012,1,9,88.77,8,3.0030573805937253e-07
Z2760951661,CCN1CCCC1CN(C)C=2N=CN=C3C2N=CN3CC4(O)CCOCC4,,374.48900000000026,1.2882999999999993,1,8,79.54,6,5.607099534291843e-06
Z2760968928,CN1CCC2OCCN(C=3N=CN=C4C3N=CN4CC5(O)CCOCC5)C2C1,,388.4720000000003,0.2771000000000001,1,9,88.77000000000001,3,0.0030174516609678455
Z2760967636,CC1CN(CC(O1)C2CC2)C=3N=CN=C4C3N=CN4CC5(O)CCOCC5,,373.4570000000002,1.3714999999999997,1,8,85.53,4,0.00013982415523884062
Z2760948963,CCN1CCC(C(C)C1)N(C)C=2N=CN=C3C2N=CN3CC4(O)CCOC4,,374.4890000000002,1.1441999999999992,1,8,79.54,5,3.797705342475166e-05
Z2760949293,CCOC1CC(N(C)C=2N=CN=C3C2N=CN3CC4(O)CCOC4C)C1(C)C,,389.5000000000002,2.0059999999999993,1,8,85.53,6,1.5298451076969088e-06
Z2974688295,CC(C)(C)N1C=C(CNC2=NC=3C=CC=CC3N2)C(=O)NC1=O,,313.36100000000005,1.7799999999999998,3,5,95.57,3,0.0009917146856585
Z2760977058,CCC1COC(C)(C)CN1C=2N=CN=C3C2N=CN3C4CC(CO)(CO)C4,,375.4730000000002,1.5259999999999996,2,8,96.53,5,1.9864887626940165e-05
Z2760969048,OCC1(CN2C=NC3=C(N=CN=C32)N4CCOCC4CC(F)F)COC1,,369.37200000000007,0.6955999999999998,1,8,85.53,6,1.2940455717933098e-05
Z2760968811,COC[C@@H]1C[C@H](CN1C=2N=CN=C3C2N=CN3CC4(O)CCOCC4)OC,,377.4450000000003,0.6078999999999994,1,9,94.76,6,1.1780335973996134e-05
Z2760969018,NC(=O)[C@@H]1C[C@@H](F)CN1C=2N=CN=C3C2N=CN3CC(CO)C4CCOC4,,378.40800000000024,-0.12659999999999982,2,8,119.39000000000001,6,2.8005846836564255e-05
Z2760968730,O=C1CN(CN1CC(F)(F)F)C=2N=CN=C3C2N=CN3C4CC(CO)(CO)C4,,400.3610000000002,0.30059999999999965,2,8,107.61000000000001,5,7.536601723946048e-05
Z2760955377,COC(C)(C)CN(C)C=1N=CN=C2C1N=CN2C3CC(CO)(CO)C3,,349.43500000000023,0.9933999999999996,2,8,96.53,7,1.9224161332889593e-06
Z2760968901,COCC1CN(CC(C)(C)O1)C=2N=CN=C3C2N=CN3CC(CO)C4CCOC4,,405.49900000000025,1.1014999999999993,1,9,94.76000000000002,7,7.540341016335249e-07
Z2760963285,OCC1(CO)CC(C1)N2C=NC=3C(=NC=NC32)N4CCC(CC4)C5CCCO5,,387.4840000000003,1.5276,2,8,96.53,5,1.7229987973558284e-05
Z2760955962,CC(=O)N1CCC(CN(C)C=2N=CN=C3C2N=CN3CC(O)C4CCCO4)C1,,388.47200000000026,0.6707999999999994,1,8,96.61000000000001,6,9.216569906536388e-06
Z2760943600,OCC1(CN2C=NC3=C(N=CN=C32)N(CC4CC4)C5CCCCC5)COC1,,371.4850000000003,2.3843000000000005,1,7,76.3,7,2.2533325087637513e-07
Z2760943306,NC(=O)CCC1CCCN(C1)C=2N=CN=C3C2N=CN3C4CC(CO)(CO)C4,,388.4720000000002,0.6140999999999992,3,8,130.39000000000001,7,1.547427538771493e-06
Z2760942310,O=C(CN(C=1N=CN=C2C1N=CN2CC(CO)C3CCOC3)C4CC4)NC5CC5,,400.4830000000003,0.7186999999999999,2,8,105.4,9,4.638830303463445e-08
Z2760947351,CCN(C=1N=CN=C2C1N=CN2CC3(O)CCOC3)C(C)CS(=O)(=O)CC,,397.5010000000002,0.6271999999999998,1,9,110.44,8,2.415772457711564e-07
Z2760950320,O=C1CC2(CN1)CCCN(C2)C=3N=CN=C4C3N=CN4CC(CO)C5CCOC5,,400.48300000000023,0.5777999999999999,2,8,105.4,5,5.190097130407562e-05
Z2760938437,CC1(C)CC2CC(C)(CN2C=3N=CN=C4C3N=CN4CC5(CO)COC5)C1,,371.48500000000024,2.2401999999999997,1,7,76.30000000000001,4,4.609016706139148e-05
Z2760966931,O=C1CC2(CCN(C2)C=3N=CN=C4C3N=CN4C5CC(CO)(CO)C5)CN1,,372.4290000000002,-0.15140000000000015,3,8,116.4,4,0.0011401597118621183
Z2760973376,CCN(C=1N=CN=C2C1N=CN2CC3(CO)CCOCC3)C4CCOC(C)(C)C4,,403.52700000000027,2.3993,1,8,85.53000000000002,6,7.332738520498522e-07
Z2760975203,CC1(CC(F)(F)F)CN(C1)C=2N=CN=C3C2N=CN3CC4(O)CCOCC4,,385.39000000000027,2.1464999999999996,1,7,76.30000000000001,4,4.4914590196436256e-05
Z2760961535,CC(=O)NC1CCC(CC1)N(C)C=2N=CN=C3C2N=CN3C4CC(CO)(CO)C4,,402.4990000000002,1.0156999999999996,3,8,116.4,6,4.886298630126559e-06
Z2760940404,OC1(CN2C=NC3=C(N=CN=C32)N4CCN(CC5CCOC5)CC4)CCOCC1,,402.4990000000004,0.5263000000000015,1,9,88.77,5,5.903125354873191e-05
Z2760960997,CC(=O)NCCN(C=1N=CN=C2C1N=CN2CC3(O)CCOC3C)C(C)C,,376.4610000000002,0.7171000000000001,2,8,105.4,7,1.859896561532578e-06
Z2760941425,NC(=O)CC1CCCCN1C=2N=CN=C3C2N=CN3CC4(O)CCOC4,,360.41800000000023,0.21199999999999908,2,8,119.39000000000001,5,0.00011596177980888822
Z2760947151,CN(CCN1CCCC1=O)C=2N=CN=C3C2N=CN3CC4(O)CCOCC4,,374.4450000000003,0.4263999999999992,1,8,96.61000000000001,6,1.54716643765495e-05
Z2760963608,OCCN(CC1CCCCC1)C=2N=CN=C3C2N=CN3CC4(O)CCOC4,,375.4730000000002,1.3566999999999996,2,8,96.53,7,8.409014718787351e-07
Z3292798294,CN1C=NC=2C(=O)N(C=NC21)CC(O)C3CCC3,,248.28599999999994,0.29099999999999926,1,6,72.94,3,0.017402395392801372
Z2760964372,CC(C)CN1CCN(C=2N=CN=C3C2N=CN3CC4(CO)CCOCC4)C(C)C1=O,,416.52600000000035,1.3084999999999996,1,8,96.61000000000001,6,2.62522127838995e-06
Z4169810948,CC=1C(=CC=C2CCCC12)CNCC3=CN(C(=O)NC3=O)C(C)(C)C,,341.45500000000015,2.37852,2,4,66.89,4,7.055127660092448e-05
Z2760974986,CCOCC1CCCCN1C=2N=CN=C3C2N=CN3CC4(CO)COC4,,361.44600000000025,1.2306,1,8,85.53,7,1.187463373321134e-06
Z2760964833,CC(O)CN1CCN(C=2N=CN=C3C2N=CN3CC4(CO)COC4)C(C)C1,,376.46100000000024,-0.2734999999999992,2,9,99.77000000000001,6,4.648863467008881e-05
Z335081646,CC1CCN(C(=O)CN2C(=O)C(F)=CN(C2=O)C3CCCO3)C=4C=CC=CC4S1,,419.4780000000002,2.3755999999999986,0,7,73.54,3,0.0001057006331359868
Z2974687803,CC(C)(C)N1C=C(CNC=2C=CN=C3C=CN=CC23)C(=O)NC1=O,,325.37200000000007,1.8468999999999998,2,6,92.66999999999999,3,0.0007038932115882613
Z1349594474,CN1C=C(C(=O)N(CC(F)(F)F)C2CCC2)C(=O)NC1=O,,305.256,0.6306,1,4,75.17,3,0.005620552503143204
Z3290436454,CCCN(C)C(=O)N1CC(C1)N2C=C(C#N)C(=O)NC2=O,,291.311,-0.2732199999999995,1,5,102.19999999999999,3,0.016716959259038985
Z2760959604,CC(C#N)CN(C1=NC=NC2=C1N=CN2CC3(O)CCOC3)C4CC4,,342.4030000000002,1.1061799999999995,1,8,100.09,6,7.947042967560466e-06
Z2760960144,CC(C)C(=O)NCCN(C)C=1N=CN=C2C1N=CN2C3CC(CO)(CO)C3,,376.4610000000002,0.3405999999999999,3,8,116.4,8,5.843644552561579e-07
Z2760952659,CC1OCCC1(O)CN2C=NC=3C(=NC=NC32)N(C)CC(O)CN4CCOCC4,,406.4870000000003,-0.5044999999999986,2,10,109.0,7,7.322548566975927e-06
Z2760963793,CC1OCCC1(O)CN2C=NC=3C(=NC=NC32)N4CCOC(COCC5CC5)C4,,403.48300000000035,0.998,1,9,94.76,7,8.972854826159377e-07
Z2760946703,CC(O)CN1CCN(CC1C)C=2N=CN=C3C2N=CN3CC4(O)CCOC4,,376.46100000000024,-0.13099999999999934,2,9,99.77000000000001,5,0.00020776471449343716
Z2760959682,CN(CC(C)(CO)CO)C=1N=CN=C2C1N=CN2CC3(O)CCOC3,,351.4070000000002,-0.5952000000000002,3,9,116.76000000000002,7,1.6576888196185415e-05
Z2760964335,CC1CCN(CC21CCCCC2)C=3N=CN=C4C3N=CN4CC5(CO)CCOCC5,,413.56600000000026,3.4121000000000024,1,7,76.30000000000001,4,5.140585979927298e-06
Z2760975846,NC(=O)CC1COCCN1C=2N=CN=C3C2N=CN3C4CC(CO)(CO)C4,,376.4170000000002,-0.7871999999999992,3,9,139.62000000000003,6,6.578090272489167e-05
Z2760953312,OC1(CN2C=NC3=C(N=CN=C32)N4CCC5(O)CCCCC5C4)CCOCC1,,387.4840000000003,1.4991999999999999,2,8,96.53,3,0.0005422217999122645
Z2760953300,OCC1(CO)CC(C1)N2C=NC=3C(=NC=NC32)N4CCC5(O)CCCCC5C4,,387.4840000000003,1.2635999999999996,3,8,107.53,4,0.0001388688932544453
Z2760963880,CC(=O)NC(C)C1CCN(CC1)C=2N=CN=C3C2N=CN3C4CC(CO)(CO)C4,,402.4990000000002,0.8731999999999993,3,8,116.4,6,6.008346988725585e-06
Z2760938911,O=C(NC1CC1)C2CCCN2C=3N=CN=C4C3N=CN4C5CC(CO)(CO)C5,,386.45600000000024,0.3795999999999994,3,8,116.4,6,1.484310823850321e-05
Z2760947086,CCC1CN(CCN1CCOC)C=2N=CN=C3C2N=CN3CC4(O)CCOCC4,,404.51500000000027,0.9147999999999996,1,9,88.77000000000001,7,1.0864196961544285e-06
Z2870725085,CC(C)C1CCN(CC1)C(=O)NCC2=CN(C(=O)NC2=O)C3CC3,,334.42000000000013,1.4490999999999996,2,4,87.19999999999999,4,0.00022220572420661802
Z2870726182,CCN(C(=O)NCC1=CN(C(=O)NC1=O)C2CC2)C3CCCCC3,,334.4200000000002,1.7356999999999991,2,4,87.19999999999999,5,2.6680701407631726e-05
Z3141239617,CC(C)N1C=C(CNC(=O)N2CCCC(C2)C3CC3)C(=O)NC1=O,,334.4200000000001,1.4490999999999998,2,4,87.19999999999999,4,0.000222205724206618
Z2760959029,CCC1CCC(C)N1C=2N=CN=C3C2N=CN3CC(O)C4CCCO4,,345.4470000000002,2.1334999999999997,1,7,76.30000000000001,5,1.3203985096018345e-05
Z144329240,O=C(CN1C=CC(=O)NC1=O)N2CCCCC2,,237.2589999999999,-0.45089999999999963,1,4,75.17,2,0.30427333568942544
Z2760962899,CC1CN(CC(C)(C)O)CCN1C=2N=CN=C3C2N=CN3CC(CO)C4CCOC4,,418.54200000000026,0.7527000000000001,2,9,99.77000000000001,7,1.164012503075607e-06
Z2760963831,CC(C)CC(CO)N(C)C=1N=CN=C2C1N=CN2CC3(O)CCOCC3,,363.4620000000003,1.2109999999999996,2,8,96.53,7,1.1936709151451122e-06
Z2760971405,CC1CC(CCN1C=2N=CN=C3C2N=CN3CC4(CO)CCOCC4)C(F)(F)F,,413.4440000000002,2.7826000000000013,1,7,76.30000000000001,4,1.2829977469663077e-05
Z2760944277,CC(C)CN(C=1N=CN=C2C1N=CN2CC3(O)CCOC3C)C4CCN(C)CC4,,402.5430000000003,1.9227999999999998,1,8,79.54,6,1.6085763488115646e-06
Z817034056,CC=1C=CC(=NN1)N2CCCC2CO,,193.25,0.7461199999999999,1,4,49.25,2,0.11706145089548091
Z1516474319,CC=1C=CC(C)=C(OCC(O)CN2C(=O)C(F)=CN(C2=O)C3CCCO3)C1C,,392.42700000000025,1.8232599999999999,1,7,82.69000000000001,6,2.004092119607126e-06
Z594160432,O=C(O)CN(C(=O)CN1C=CC(=O)NC1=O)C2CC2,,267.24100000000004,-1.3877999999999997,2,5,112.47,5,0.0036433667300890997
Z2695600718,COC(=O)C1(CN2C=CC(=O)N(C)C2=O)CC1,,238.24299999999997,-0.4998000000000007,0,6,70.3,3,0.054073882021690424
Z2760964357,OC1(CN2C=NC3=C(N=CN=C32)N4CCCC(C4)OCC5CC5)CCOC1,,373.4570000000003,1.3730999999999995,1,8,85.53,6,4.619279108162177e-06
Z3141239062,CC(C)N1C=C(CNC(=O)N2CCCC2(C)C)C(=O)NC1=O,,308.382,1.2015,2,4,87.19999999999999,3,0.002338705950816303
Z2760963014,NC(=O)C1C2CCCC2CN1C=3N=CN=C4C3N=CN4CC5(CO)COC5,,372.4290000000002,-0.07460000000000022,2,8,119.39000000000001,5,0.00015298247785942008
Z2760974342,"CC1OCCC1(O)CN2C=NC=3C(=NC=NC32)N4CC[C@@H]5OCC(=O)N[C@H]5C4 |&1:20,26,r|",,388.4280000000002,-0.5400999999999987,2,9,114.63,3,0.008045257125695796
Z2760974967,NC(=O)CN1CCN(CC1=O)C=2N=CN=C3C2N=CN3CC(O)C4CCCO4,,389.4160000000002,-1.499899999999996,2,9,139.7,6,0.00013638656499984298
Z2760968723,CC1OCCC1(O)CN2C=NC=3C(=NC=NC32)N4CC(=O)N(CC(F)(F)F)C4,,400.36100000000016,0.5345999999999997,1,8,96.61,4,0.00029495486601719204
Z2925653880,CC1CCCN1C(=O)NCC2=CN(C(=O)NC2=O)C(C)(C)C,,308.38200000000006,0.9854999999999998,2,4,87.19999999999999,2,0.017581487681546836
Z2760934018,CN(CC(=O)NC1CC1)C=2N=CN=C3C2N=CN3CC4(CO)COC4,,346.39100000000025,-0.4499999999999995,2,8,105.4,7,1.4290334662503622e-05
Z107295650,O=C(CN1C(=O)C(F)=CN(C1=O)C2CCCO2)N3CCN(CC3)C(=O)C4=CC=CO4,,420.3970000000002,0.03570000000000184,0,8,106.99,4,0.0003570813830301876
Z1828661297,O=C1C(F)=CN(C(=O)N1CC(O)C2CCCCC2)C3CCCO3,,326.36800000000005,1.399299999999999,1,6,73.46000000000001,4,0.00027158574447351655
Z1551900487,NC=1N=C(Cl)N=C2C1N=CN2[C@@H]3O[C@H](CO)[C@@H](O)[C@@H]3F,,303.681,-0.34940000000000027,3,8,119.31000000000002,2,0.0959085711386778
Z1550648753,NC=1C=CN(C(=O)N1)[C@H]2CC[C@@H](CO)O2,,211.22099999999998,-0.5046000000000004,2,6,90.37,2,0.40072357611468146
Z594284196,NC(=O)C=1N=CN(N1)[C@@H]2O[C@H](CO)[C@@H](O)[C@H]2O,,244.20700000000002,-3.0114999999999994,4,8,143.72000000000003,3,1.2959842048683738
Z2204459563,OC[C@H]1O[C@H](C[C@@H]1O)N2C=NC3=C2N=CNC[C@H]3O,,268.27299999999997,-1.1797999999999997,4,8,112.13,2,0.60225215939067
Z2760944077,CCNC(=O)C1CCN(CC1)C=2N=CN=C3C2N=CN3CC(CO)C4CCOC4,,402.49900000000025,0.8237999999999999,2,8,105.4,7,1.1745648654025008e-06
Z2760942055,CC(C)CCOC1CCN(CC1)C=2N=CN=C3C2N=CN3CC4(O)CCOCC4,,403.5270000000002,2.399300000000001,1,8,85.53,7,1.334339058171365e-07
Z1220155161,CC1CCN(CC1)C(=O)C2CCN(CC2)C(=O)C3=CN(C)C(=O)N(C)C3=O,,376.4570000000001,0.19470000000000143,0,6,84.62,2,0.01955694331632259
Z2760949448,CCN1CCC(CC1C)N(C)C=2N=CN=C3C2N=CN3CC(CO)C4CCOC4,,402.54300000000023,1.7802999999999993,1,8,79.54,7,3.5992886665655777e-07
Z1744136164,CCC1(O)CCN(C1)C=2N=CN=C3NC=CC23,,232.28700000000003,1.3091000000000002,2,4,65.03999999999999,2,0.03333285438378563
Z2760952206,CC1OCCC1(O)CN2C=NC=3C(=NC=NC32)N4CC(C4)OCC(=O)N(C)C,,390.44400000000024,-0.3403999999999985,1,9,105.83999999999999,6,3.4373040784341695e-05
Z94558629,O=C(CN1C(=O)C(F)=CN(C1=O)C2CCCO2)NC=3C=CC=C(I)C3,,459.21500000000003,1.7013999999999998,1,6,82.33,4,3.273565730396809e-05
Z3856732661,CN1C=C(C(=O)NC2CN(C)CCN(C)C2)C(=O)NC1=O,,295.34299999999996,-1.9507999999999965,2,6,90.44,2,1.3726634883797753
Z2760963619,CC(C)CC1C(=O)NCCN1C=2N=CN=C3C2N=CN3C4CC(CO)(CO)C4,,388.4720000000002,0.4830999999999997,3,8,116.4,6,1.2476142355436259e-05
Z2760974681,CC(C)C1N(CC21CCCCC2)C=3N=CN=C4C3N=CN4C5CC(CO)(CO)C5,,399.53900000000016,2.9273000000000016,2,7,87.30000000000001,5,2.2305829502379757e-06
Z2760955364,O=C1CN(C=2N=CN=C3C2N=CN3C4CC(CO)(CO)C4)C5CCCCC5N1,,386.45600000000024,0.37959999999999955,3,8,116.4,4,0.00044825470260981065
Z2760974143,CN1C(=O)N[C@@H]2CN(CC[C@@H]21)C=3N=CN=C4C3N=CN4CC5(CO)CCOCC5,,401.4710000000003,0.2177000000000009,2,8,108.64000000000001,4,0.00045450951532037
Z2998966221,CC(C)(C)N1C=C(CNCC2(O)CCC2)C(=O)NC1=O,,281.356,0.29619999999999985,3,5,87.12,4,0.0024747024087680724
Z2760972084,COCCC1COCCN1C=2N=CN=C3C2N=CN3CC4(O)CCOC4C,,377.4450000000002,0.6078999999999994,1,9,94.76000000000002,6,1.1780335973996132e-05
Z2760936584,CCNC(=O)CN1CCN(CC1)C=2N=CN=C3C2N=CN3CC4(CO)CCOCC4,,417.5140000000003,-0.1264999999999974,2,9,108.64000000000001,7,3.7319794421661783e-06
Z2760956722,COCCN1CCN(CC1=O)C=2N=CN=C3C2N=CN3CC4(CO)COC4,,376.4170000000002,-0.8697999999999975,1,9,105.84,7,1.5878805501602874e-05
Z2760941182,CC(=O)NCC1CCCN(C1)C=2N=CN=C3C2N=CN3CC4(CO)COC4,,374.4450000000002,0.18770000000000003,2,8,105.4,6,2.255163510154596e-05
Z2760969550,CC(C)N(CCOCCO)C=1N=CN=C2C1N=CN2CC3(CO)CCOCC3,,393.48800000000034,0.8390999999999993,2,9,105.76000000000002,10,7.657956453731385e-09
Z2760944204,COCCN(CC(=O)N(C)C)C=1N=CN=C2C1N=CN2CC3(CO)CCOCC3,,406.4870000000003,0.15640000000000187,1,9,105.84,9,8.341713329245913e-08
Z2760935449,O=C1NC(=O)C2(CCN(CC2)C=3N=CN=C4C3N=CN4CC5(CO)COC5)N1,,387.4000000000002,-0.9863999999999995,3,9,134.5,4,0.002504445679165544
Z2760952983,CCN1CCC2CCC(C1)N2C=3N=CN=C4C3N=CN4CC5(CO)COC5,,372.47300000000024,0.8981999999999992,1,8,79.54,5,5.554643576252081e-05
Z2760948318,CC1OCCC1(O)CN2C=NC=3C(=NC=NC32)N(C)CC4CCS(=O)(=O)C4,,395.48500000000024,0.2371000000000001,1,9,110.44,5,7.229529200022636e-05
Z2760943713,CC(C)C1C(=O)NCCN1C=2N=CN=C3C2N=CN3CC4(O)CCOC4,,360.41800000000023,-0.061499999999999444,2,8,105.4,4,0.0011496347225982805
Z2760938912,O=C(NC1CC1)C2CCCN2C=3N=CN=C4C3N=CN4CC(O)C5CCCO5,,386.45600000000024,0.613599999999999,2,8,105.4,6,1.0570726940281925e-05
Z2760969804,OC1CCCC1C2COCCN2C=3N=CN=C4C3N=CN4CC5(O)CCOC5,,389.4560000000002,0.3438999999999997,2,9,105.76000000000002,4,0.0004535385413961676
Z2760955354,O=C1CN(C=2N=CN=C3C2N=CN3CC4(O)CCOCC4)C5CCCCC5N1,,386.45600000000024,0.6151999999999997,2,8,105.4,3,0.001750236975122203
Z2760976396,CN1C(=O)NCC21CCN(CC2)C=3N=CN=C4C3N=CN4CC5(O)CCOCC5,,401.47100000000023,0.3617999999999997,2,8,108.64000000000001,3,0.0020265623957743655
Z2760944761,N#CCCN(CC1CCOC1)C=2N=CN=C3C2N=CN3CC4(CO)CCOCC4,,400.4830000000003,1.3719799999999995,1,9,109.32000000000002,8,8.04122261812571e-08
Z2760969696,OC[C@@H]1C[C@H](F)CN1C=2N=CN=C3C2N=CN3CC4(O)CCOC4,,337.3550000000002,-0.11319999999999997,2,8,96.53,4,0.0018223095506448156
Z2760976981,OC1(CN2C=NC3=C(N=CN=C32)N4C5CCCC4CC(F)(F)C5)CCOCC1,,393.4380000000002,2.524400000000001,1,7,76.3,3,0.00012983407964650416
Z2760977069,CCC1COC(C)(C)CN1C=2N=CN=C3C2N=CN3CC4(O)CCOCC4,,375.47300000000024,1.7615999999999996,1,8,85.53,4,7.756362761816377e-05
Z2760977402,CCC1C(=O)N(C)CCN1C=2N=CN=C3C2N=CN3CC4(CO)COC4,,360.41800000000023,-0.10780000000000012,1,8,96.61000000000001,5,0.00021700456621988445
Z2760975177,CC(C)N1CCC(C1)N(C)C=2N=CN=C3C2N=CN3CC4(O)CCOCC4,,374.48900000000026,1.286699999999999,1,8,79.54,5,3.088490469572022e-05
Z2760965290,CC1(C)CN(CC2(CCOC2)O1)C=3N=CN=C4C3N=CN4CC5(CO)COC5,,389.4560000000002,0.6095000000000002,1,9,94.76000000000002,4,0.0003085220433280461
Z2760946602,CC(C(C)S(C)(=O)=O)N(C)C=1N=CN=C2C1N=CN2CC3(CO)COC3,,383.4740000000002,0.09299999999999958,1,9,110.44000000000003,7,3.3959956368439735e-06
Z2760974090,OCC1CC2CCC1N2C=3N=CN=C4C3N=CN4C5CC(CO)(CO)C5,,359.43000000000023,0.4817999999999994,3,8,107.53,5,0.00010875126637616225
Z2760948961,CCN1CCC(C(C)C1)N(C)C=2N=CN=C3C2N=CN3C4CC(CO)(CO)C4,,388.5160000000002,1.2986999999999993,2,8,90.54,6,4.690171342630617e-06
Z2760968885,CO[C@H]1C[C@@H](C(N)=O)N(C1)C=2N=CN=C3C2N=CN3CC(O)C4CCCO4,,376.4170000000002,-0.5547999999999984,2,9,128.62,6,4.695564700534952e-05
Z2760967613,COCCN(C=1N=CN=C2C1N=CN2CC3(CO)COC3)C4CCC(C)C4,,375.47300000000024,1.4765999999999995,1,8,85.53,8,1.2859027131632487e-07
Z2760938802,CCN(CC(C)C#N)C=1N=CN=C2C1N=CN2CC3(CO)COC3,,330.3920000000001,0.8211799999999998,1,8,100.09,7,2.504469360418754e-06
Z2760970274,OCC1(CN2C=NC3=C(N=CN=C32)N4CC5CC5(C4)C(F)(F)F)CCOCC1,,397.4010000000002,2.0040000000000004,1,7,76.3,4,4.797585857607332e-05
Z5183299388,CC=1N=CN(C1C)C=2C=CC(=CC2)NC(=O)CCN3C=CC(=O)NC3=O,,353.38200000000006,1.3679399999999995,2,6,101.78,5,2.9977390435176788e-05
Z1980981182,CC1=CC(=C(C)O1)C(C)(O)CNC=2N=CN=C3C2N=CN3[C@@H]4O[C@H](CO)[C@@H](O)[C@H]4O,,419.4380000000001,-0.0327600000000004,5,11,158.92,6,1.378069033644907e-05
Z2760952378,CCC1CN2CCCCC2CN1C=3N=CN=C4C3N=CN4CC5(CO)CCOCC5,,414.5540000000003,2.0684999999999993,1,8,79.54,5,6.207994306888258e-06
Z191832368,CN(C(=O)CN1C=CC(=O)NC1=O)C2CCCC2,,251.28599999999994,-0.0624000000000009,1,4,75.17,3,0.027320402494046988
Z2798182421,CC1(C)CCN(CC1)C(=O)CCN2C=C(C#N)C(=O)NC2=O,,304.35,0.4469800000000002,1,5,98.95999999999998,3,0.005333912733930195
Z3141238997,CC1=CCCN(C1)C(=O)NCC2=CN(C(=O)NC2=O)C(C)C,,306.3660000000001,0.9791,2,4,87.19999999999999,3,0.003301705752082201
Z2983032607,O=C1C=2N=CN(C=3C=CC=CC3)C2N=CN1CC(O)C4(O)CCCC4,,340.3830000000002,1.2481999999999998,2,7,93.17,4,0.00025598072317495053
Z2760969095,O=S1(=O)CC[C@H]2CN(C[C@H]21)C=3N=CN=C4C3N=CN4C5CC(CO)(CO)C5,,393.4690000000002,-0.24450000000000005,2,9,121.44000000000003,4,0.0008180836660031753
Z2760950516,CN(CCC1CCCCN1C)C=2N=CN=C3C2N=CN3CC4(CO)CCOCC4,,402.5430000000003,1.9259999999999995,1,8,79.54,7,2.9135714907242345e-07
Z2760944702,CC(C)CCN(CCC#N)C=1N=CN=C2C1N=CN2CC(CO)C3CCOC3,,386.5000000000003,2.2374799999999997,1,8,100.09,10,1.0155401501789635e-09
Z107295712,CC=1C=CC(=CC1S(=O)(=O)N2CCOCC2)NC(=O)CN3C(=O)C(F)=CN(C3=O)C4CCCO4,,496.51700000000034,0.4261200000000005,1,9,128.94,6,2.2984397436194637e-06
Z2760944632,CCC(CC)CN(CCC#N)C=1N=CN=C2C1N=CN2C3CC(CO)(CO)C3,,386.5000000000002,2.28848,2,8,111.09,10,9.431203117645263e-10
Z2760971959,C[C@@H]1[C@@H](CCN1C2=NC=NC3=C2N=CN3C4CC(CO)(CO)C4)N(C)CCO,,390.48800000000017,0.02350000000000102,3,9,110.77000000000001,7,4.6682821003021745e-06
Z2760973854,CC1(C)CN(C=2N=CN=C3C2N=CN3CC4(O)CCOC4)C1C5CCCO5,,373.4570000000002,1.3714999999999997,1,8,85.53000000000002,4,0.00013982415523884062
Z2760974676,CC(C)C1N(CC21CCCCC2)C=3N=CN=C4C3N=CN4CC(CO)C5CCOC5,,413.5660000000002,3.2664000000000017,1,7,76.30000000000001,6,2.1028274007491463e-07
Z3077736549,CC(C)C=1N=CC=C(N1)NCC2=CN(C)C(=O)NC2=O,,275.312,0.5990999999999999,2,6,92.66999999999999,4,0.0013534360538375234
Z2760941794,CCN(CC1CCCO1)C=2N=CN=C3C2N=CN3CC4(O)CCOC4C,,361.4460000000002,1.3714999999999997,1,8,85.53,6,5.31928454771562e-06
Z2760967450,CC(CN1CCOCC1)N(C)C=2N=CN=C3C2N=CN3CC(O)C4CCCO4,,390.4880000000002,0.523100000000001,1,9,88.77000000000001,7,2.2615650928117948e-06
Z2760971956,CC1OCCC1(O)CN2C=NC=3C(=NC=NC32)N4CC[C@H]([C@H]4C)N(C)CCO,,390.4880000000002,0.25750000000000056,2,9,99.77,6,1.8269938784879116e-05
Z2760964791,COCC(=O)NC1CN(C1)C=2N=CN=C3C2N=CN3CC4(O)CCOC4,,362.3900000000002,-1.0710999999999977,2,9,114.63,6,0.00014170044202307713
Z2760947618,CNC(=O)C1CCCN1C=2N=CN=C3C2N=CN3CC4(O)CCOCC4,,360.4180000000003,0.08259999999999912,2,8,105.4,4,0.00093277494559401
Z2760966238,O=C1NC[C@@H]2[C@H]1CCCN2C=3N=CN=C4C3N=CN4CC5(CO)COC5,,358.4020000000002,-0.4499999999999995,2,8,105.4,4,0.0020671787147077568
Z2760949154,CC1CN(CC1N2CCOCC2)C=3N=CN=C4C3N=CN4C5CC(CO)(CO)C5,,402.4990000000002,0.2891000000000007,2,9,99.77000000000001,5,8.327564510851286e-05
Z3077771951,CCN1C=C(CNC=2N=CN=CC2C)C(=O)NC1=O,,261.285,0.26701999999999987,2,6,92.66999999999999,4,0.002540416227393716
Z2760954288,N#CCC(=O)N1CCN(CC1)C=2N=CN=C3C2N=CN3C4CC(CO)(CO)C4,,385.4280000000002,-0.30552000000000024,2,9,131.4,5,0.00015572819915867878
Z107296904,COC=1C=CC=C(C1)C2=NOC(CN3C(=O)C(F)=CN(C3=O)C4CCCO4)=N2,,388.35500000000013,1.5649999999999995,0,9,101.38000000000001,5,1.1148024153419826e-05
Z2760965791,CCN(C=1N=CN=C2C1N=CN2C3CC(CO)(CO)C3)C4CCNC4=O,,360.4180000000001,-0.15299999999999997,3,8,116.4,6,4.347152466882313e-05
Z107296968,CC(NC(=O)CN1C(=O)C(F)=CN(C1=O)C2CCCO2)C=3C=CC4=CC=CC=C4C3,,411.4330000000001,2.4886999999999997,1,6,82.33,5,3.369407377325394e-06
Z2760968088,COC1(C)CCCN(C1)C=2N=CN=C3C2N=CN3C4CC(CO)(CO)C4,,361.4460000000002,1.1374999999999995,2,8,96.53,5,4.104622513856745e-05
Z2760969842,OCC1(CO)CC(C1)N2C=NC=3C(=NC=NC32)N4CCOC5(CCCOC5)C4,,389.45600000000036,0.5179999999999996,2,9,105.76,4,0.00035231505282616187
Z4897436600,O=C(O)C(F)(F)F.CC1CNC(C)CN(C1)C(=O)CCN2C=C(C(N)=O)C(=O)NC2=O,,451.40200000000027,-0.8846999999999978,4,7,167.58999999999997,4,0.0007442041353403198
Z2760960512,O=C1CC(CN1)C2CCCCN2C=3N=CN=C4C3N=CN4CC(O)C5CCCO5,,400.48300000000023,0.8611999999999997,2,8,105.4,5,3.440594458791845e-05
Z2760968821,COC[C@@H]1C[C@H](CN1C=2N=CN=C3C2N=CN3C4CC(CO)(CO)C4)OC,,377.4450000000003,0.3723000000000002,2,9,105.76,7,3.017072015804366e-06
Z2760963610,CC(C)CC1C(=O)NCCN1C=2N=CN=C3C2N=CN3CC4(O)CCOC4C,,388.4720000000002,0.7171000000000001,2,8,105.4,5,4.882703148777207e-05
Z335458190,CN1C=C(CNC=2C=CC=CC2)C(=O)N(C)C1=O,,245.28199999999998,0.6960999999999999,1,5,56.03,3,0.012594887095777767
Z1824109492,CC(=O)N1CC(C1)C(=O)NC2=NC=NC3=C2C(C)=C(C)N3CC4CCCO4,,371.44100000000026,1.6439399999999993,1,6,89.35000000000001,4,9.14478374703837e-05
Z1980908378,CC(NC=1N=CN=C2C1N=CN2[C@@H]3O[C@H](CO)[C@@H](O)[C@H]3O)C=4C=CC=CC4Cl,,405.8420000000001,1.2642999999999993,4,9,125.55000000000001,5,1.8464076444281536e-05
Z2760963488,N#CCC1(O)CN(C1)C=2N=CN=C3C2N=CN3CC(O)C4CCCO4,,344.37500000000017,-0.16902000000000061,2,9,120.32,5,0.00023903924927535025
Z2760958535,CC(CS(C)=O)N(C)C=1N=CN=C2C1N=CN2CC3(CO)CCOCC3,,381.5020000000003,0.8185999999999991,1,8,93.37,7,1.5354879728563507e-06
Z431953146,OCC=1C=C(ON1)C=2C=CC=CC2,,175.187,1.8338999999999999,1,3,46.260000000000005,2,0.029541019246462543
Z45415660,NS(=O)(=O)C=1C=CC=2CCCC2C1,,197.25899999999993,0.8227000000000001,1,2,60.160000000000004,1,0.4772764735352357
Z53833897,COC(=O)C=1C=CC(Cl)=CC1N,,185.60999999999999,1.7087999999999999,1,3,52.32,1,0.1634388774413998
Z553832512,O=C(O)C=1C=CC=C2OCOC12,,166.13199999999995,1.1135,1,3,55.760000000000005,1,0.43688777596857276
Z1269191577,BrC=1C=CC(=CC1)C2=CNC=N2,,223.073,2.839200000000001,1,1,28.68,1,0.030946989525931397
Z235352033,CC=1C=CC=2NC(=CC2C1)C(=O)O,,175.187,2.1745199999999993,2,1,53.09,1,0.10491917707763453
Z57115077,O=C(O)CCC1=NC=2C=CC=CC2N1,,190.20200000000003,1.5800999999999998,2,2,65.97999999999999,3,0.006034199705152785
Z57607000,NC1=NC=2C(Cl)=CC=CC2S1,,184.65099999999998,2.5319000000000003,1,3,38.91,0,0.33033794592290655
Z94600359,CC=1C=CC=C(C(=O)O)C1N,,151.165,1.27542,2,2,63.31999999999999,1,0.40812542267632734
Z385373334,CC1=NC=C(S1)C(=O)O,,143.167,1.14972,1,3,50.19,1,0.5354808259709772
Z56922105,O=C(O)C=1C=CC(=CC1)C(F)(F)F,,190.11999999999995,2.403600000000001,1,1,37.3,1,0.07050433255866934
Z53116455,O=C(O)CCN1C=NC2=CC=CC=C21,,190.20200000000003,1.5110000000000001,1,3,55.12,3,0.006657523058310543
Z335290460,CN1C=C(CCC(=O)O)C=2C=CC=CC21,,203.241,2.1955,1,2,42.230000000000004,3,0.0026144005311702465
Z99600464,O=C(O)CC1=NOC=2C=CC=CC12,,177.15900000000002,1.4548999999999999,1,3,63.33,2,0.03975670837798438
Z367659362,CC(C)N1C(N)=NC=2C=CC=CC21,,175.235,2.1994,1,3,43.84,1,0.09874198485467642
Z56755653,NCCC=1C=CC(=CC1)S(N)(=O)=O,,200.26299999999995,-0.16479999999999995,2,3,86.18,3,0.05232558804707564
Z57833933,C1=CC=2C=CC=CC2N1,,117.15099999999997,2.1678999999999995,1,0,15.79,0,1.2820140951727577
Z56791635,OCC1=NC=2C=CC=CC2N1,,148.165,1.0552,2,2,48.910000000000004,1,0.7012722040729407
Z33546463,NC(=O)C=1C=CC=NC1,,122.12699999999997,0.18050000000000016,1,2,55.980000000000004,1,2.3228934477748693
Z57473348,O=C(O)CN1C=2C=CC=CC2C(=O)C=3C=CC=CC31,,253.25699999999998,2.2393,1,3,59.3,2,0.006498439171036854
Z57150899,O=C1C=CC=2C=CC(O)=CC2O1,,162.14399999999998,1.4986,1,3,50.44,0,1.5270388371862582
Z104495974,O=C1CCC=2C=CC=CC12,,132.16199999999998,1.8155000000000001,0,1,17.07,0,1.642544718732267
Z33546380,NC(=O)C=1C=CC=CN1,,122.12699999999997,0.18049999999999994,1,2,55.980000000000004,1,2.3228934477748706
Z1255448123,CC=1NC=2C=CC=CC2C(=O)C1O,,175.18699999999995,1.5421199999999997,2,2,53.09,0,1.4430018091592776
Z33546644,NC(=O)C=1C=NC=CN1,,123.11499999999998,-0.4245000000000001,1,3,68.87,1,4.647431201878082
Z57902803,CC=1C=CC=CC1S(N)(=O)=O,,171.22099999999998,0.6424200000000001,1,2,60.160000000000004,1,0.7803729897222207
Z969591530,NS(=O)(=O)C1=NC2=CC=CC=C2N1,,197.21900000000002,0.21029999999999982,2,3,88.84,1,0.9092052868102997
Z415653738,NC(=O)C=1C=CC=C2NC=CC12,,160.176,1.2668,2,1,58.88,1,0.40939472641221447
Z1509140701,C1=CC=2C(=CC=CC2N1)N3CCNCC3,,201.27299999999994,1.5774999999999995,2,2,31.060000000000002,1,0.26773670843890074
Z90121065,NC=1C=CC(C(=O)O)=C(O)C1,,153.137,0.6726000000000001,3,3,83.55000000000001,1,0.8483845186212688
Z111456674,O=C(O)C=1C=CC=CC1C(=O)C=2C=CC(F)=CC2,,244.22099999999998,2.754900000000001,1,2,54.37,3,0.0006573638313483769
Z802851752,CC=1C=CC=C(N)C1C(=O)O,,151.16500000000002,1.27542,2,2,63.32000000000001,1,0.40812542267632707
Z104480436,C1=NC(=CS1)C2=NC=3C=CC=CC3N2,,201.25400000000002,2.6864,1,3,41.57,1,0.039821509705578524
Z57902253,CCC=1C=CC(=CC1)S(N)(=O)=O,,185.24799999999996,0.8964000000000001,1,2,60.160000000000004,2,0.08700093657766848
Z385472506,COC=1C=CC=2NC=C(CC(=O)O)C2C1,,205.21299999999997,1.8035999999999999,2,2,62.32000000000001,3,0.003996651399217313
Z56899189,O=C1NC=2C=CC=C3C=CC=C1C23,,169.18299999999996,2.405500000000001,1,1,29.1,0,0.5192268252873393
Z330799458,CN(C)C=1C=CC(=CN1)C(=O)O,,166.17999999999998,0.8457999999999999,1,3,53.43000000000001,2,0.1210120880294632
Z808584750,CN1N=CC(C(=O)O)=C1C=2C=CC=CC2,,202.21300000000002,1.7852999999999999,1,3,55.120000000000005,2,0.022010477906662478
Z56922083,O=C1CC=2C=CC(Cl)=CC2N1,,167.595,1.8345999999999998,1,1,29.1,0,1.2044091821583192
Z104476884,O=C(O)C1=CC=C2OCOC2=C1,,166.13199999999998,1.1134999999999997,1,3,55.760000000000005,1,0.43688777596857287
Z239125320,NC(=O)C=1C=C(Cl)C=CC1N,,170.599,1.0211000000000001,2,2,69.11,1,0.4659182060743847
Z57160166,O=C(O)C=1C=CC=NC1C(=O)O,,167.11999999999998,0.478,2,3,87.49,2,0.148869053435268
Z57040472,NC1=NC=C(CC=2C=CC=CC2)S1,,190.27100000000002,2.3161000000000005,1,3,38.91,2,0.014226216074761643
Z45415560,NS(=O)(=O)C1=CC=CS1,,163.22299999999998,0.3955000000000002,1,3,60.160000000000004,1,1.1930915114598617
Z1104852895,CC=1C=CC(O)=C(CO)N1,,139.154,0.5879199999999998,2,3,53.35,1,1.3875584760323045
Z57915361,COC1=CC=CC(OC)=C1C(=O)O,,182.17499999999998,1.402,1,3,55.760000000000005,3,0.008302020055722871
Z440625162,OCC=1C=CC=C2OCCOC12,,166.17599999999996,0.9501,1,3,38.69,1,0.7007677402236323
Z1198233123,CC(=O)C1=CNC2=C(C)C=CC=C12,,173.215,2.6789200000000006,1,1,32.86,1,0.05831400881532894
Z385481296,O=C(O)C1=CC=C2C=CNC2=C1,,161.15999999999997,1.8660999999999999,2,1,53.089999999999996,1,0.1844515286093768
Z104476152,CN1CC=2C=CC=CC2NC1=O,,162.19199999999995,1.6639,1,1,32.34,0,1.5422047241835137
Z728884102,CCN1CCC2=C(N)C=CC=C2C1,,176.263,1.6468,1,2,29.259999999999998,1,0.26686189002473404
Z976688982,FC(F)(F)C=1C=CC(=NC1)OC2CCNCC2,,246.23199999999994,2.2311999999999994,1,3,34.15,2,0.01000345660769902
Z513733856,CCCC(=O)C=1C=CC=NC1,,149.19299999999996,2.0644,0,2,29.96,3,0.005109987607577739
Z1251357721,OCC1=CC=2C(Cl)=CC=CC2N1,,181.622,2.3135999999999997,2,1,36.019999999999996,1,0.10266538822678065
Z1154245575,C[C@@](O)(C(=O)O)C=1C=CC=CC1,,166.176,0.9786999999999999,2,2,57.53,2,0.10977819883887902
Z1198147845,OC=1C=CC=2C=NNC2C1,,134.138,1.2685,2,2,48.910000000000004,0,3.1281043104957926
Z220335556,C1=NOC=2C=CC=CC12,,119.12299999999996,1.8278,0,2,26.03,0,1.5478861779756772
Z804943488,C#CCN1CCOC1=O,,125.12699999999998,0.07180000000000009,0,2,29.54,1,3.3043773164606565
Z732776044,NC=1C=CC=C(C1)C=2C=CC=NC2,,170.215,2.3308,1,2,38.91,1,0.09115926799028955
Z102767654,CNCC=1C=CC(=CC1)N2CCCCC2,,204.3169999999999,2.396300000000001,1,2,15.27,3,0.00280704970725165
Z729557174,FC(F)(F)C=1N=CC(Br)=CN1,,226.983,2.2579000000000002,0,2,25.78,0,0.3400491798433996
Z316258722,O=C(O)COC1CCCCC1,,158.19699999999997,1.4203,1,2,46.53,3,0.011230726301850603
Z55692894,CC1=NC=2C=CC=CC2N1,,132.16599999999997,1.8713199999999999,1,1,28.68,0,1.5020311737725325
Z56960237,O=C1NC=CC=2C=CC=CC12,,145.16099999999997,1.5281,1,1,32.86,0,2.1280839258289324
Z228589126,O=C(O)CNC(=O)NC1CCCCC1,,200.23799999999994,0.7028999999999994,3,2,78.43,3,0.019260337757959437
Z818727120,OC=1C=CN=C2C=CC=CC12,,145.16099999999997,1.9404,1,2,33.120000000000005,0,1.1659495290772168
Z381356458,N=C(N)C1=CC=C2C=CC=CC2=C1,,170.21499999999997,2.12387,2,1,49.870000000000005,1,0.12314214921997478
Z1508957209,O=C(O)C=1C=CC=2NC(=O)CSC2C1,,209.22599999999997,1.4289999999999998,2,3,66.4,1,0.18912304525396761
Z104476536,COC=1C=CC=C(C(=O)O)C1OC,,182.17499999999998,1.402,1,3,55.760000000000005,3,0.008302020055722871
Z56889474,O=C1C=CNC(=O)N1,,112.088,-0.9368000000000001,2,2,65.72,0,69.5788938365136
Z397587554,CC=1C=C(CO)C2=CC=CC=C2N1,,173.215,2.03552,1,2,33.120000000000005,1,0.14775932489315652
Z104477750,N#CC=1C=CC=CC1O,,119.12299999999996,1.26388,1,2,44.019999999999996,0,3.184700691441204
Z1118536235,O=C(O)C1=CC=C2NC=CC2=C1,,161.16,1.8660999999999999,2,1,53.089999999999996,1,0.18445152860937644
Z56839706,O=C(O)C1=CC=2C=CC=CC2O1,,162.14399999999998,2.1310000000000002,1,2,50.44,1,0.11102942293365155
Z104480244,CCOC=1C=CC=CC1O,,138.16599999999997,1.7908999999999997,1,2,29.46,2,0.05305728032897695
Z414314668,NC=1C=NC=CC1C(=O)O,,138.12599999999998,0.3620000000000001,2,3,76.21,1,1.4144064730605526
Z31721188,O=C(C=1C=CC=C(O)C1)N2CCOCC2,,207.2289999999999,0.8646,1,3,49.769999999999996,1,0.4724030917379503
Z56926518,OC=1C=CC=C2C=CC=NC12,,145.16099999999997,1.9403999999999995,1,2,33.120000000000005,0,1.1659495290772168
Z104473570,OCCOC=1C=CC=CC1,,138.16599999999997,1.0576999999999999,1,2,29.46,3,0.027967972546660988
Z373768900,CCN1C=C(C=N1)NC(=O)C2CCC2,,193.24999999999997,1.6416,1,3,46.92,3,0.006001247009882991
Z57200682,CC1=CC=2C=CC=CC2N1,,131.17799999999997,2.4763200000000003,1,0,15.79,0,0.7511657974892564
Z104473344,O=C(O)CC1=CC=CS1,,142.17899999999997,1.3752000000000002,1,2,37.3,2,0.08455701735048765
Z104473820,CC=1C=CC=C(O)C1,,108.13999999999999,1.7006199999999998,1,1,20.23,0,2.4931463069403437
Z1079133092,COC(=O)C1=CNC=2N=CC=CC12,,176.175,1.3494999999999997,1,3,54.980000000000004,1,0.2881338486218364
Z57124104,O=C(O)C=1C=NC=C(O)C1,,139.10999999999999,0.4853999999999999,2,3,70.42,1,1.2721969516499672
Z104473462,O=C(O)C1=CC=CO1,,112.08399999999997,0.9778,1,2,50.44,1,0.8355430313821341
Z104476320,CC(C)C=1C=CC(N)=CC1,,135.20999999999998,2.3922000000000008,1,1,26.02,1,0.13046704103538664
Z57127524,COC=1C=CC=CC1C(=O)O,,152.14899999999997,1.3934,1,2,46.53,2,0.06728578170965648
Z57131035,O=C1CNC(=O)N1,,100.077,-1.1742,2,2,58.2,0,115.45237679277113
Z45415567,NS(=O)(=O)C=1C=CC(F)=CC1,,175.18399999999997,0.4731000000000003,1,2,60.160000000000004,1,0.9645852984673785
Z119989536,O=C(O)C1=CC2=C(Cl)C=CC=C2N1,,195.60500000000002,2.5195,2,1,53.089999999999996,1,0.05306448478296545
Z56865289,NC(=O)CN1CCCC1=O,,142.158,-0.9059000000000004,1,2,63.400000000000006,2,1.6132761180164157
Z104378302,NC1=NC=2C=CC=CC2N1,,133.15399999999997,1.1451,2,2,54.699999999999996,0,3.4768537051790425
Z56926669,NNC(=O)C=1C=CC=CC1,,136.15399999999997,0.29009999999999964,2,2,55.12,1,2.1300637661282495
Z57914061,O=C(O)C=1C=CC=CC1F,,140.11299999999997,1.5239,1,1,37.3,1,0.38012009748949277
Z55928828,CC=1C=C2N=CNC2=CC1C,,146.19299999999998,2.17974,1,1,28.68,0,0.869388273971685
Z104477476,COC=1C=CC(C)=CC1N,,137.18199999999996,1.58582,1,2,35.25,1,0.36492375096299107
Z203045032,CC=1C=CN=C(N)C1,,108.144,0.9722200000000001,1,2,38.91,0,5.540526406587115
Z840267872,NC1=NC=2C=CC=CC2C(=O)N1,,161.16399999999996,0.5053000000000001,2,3,71.77,0,5.637573769325156
Z104473678,OC=1C=CC=2OCOC2C1,,138.122,1.1209,1,3,38.69,0,3.729060748205953
Z45415554,NS(=O)(=O)C=1C=CC=CC1,,157.194,0.3340000000000002,1,2,60.160000000000004,1,1.369156729239651
Z104476062,CC(C)(C)C1=CC=C(O)C(O)=C1,,166.21999999999997,2.3953000000000015,2,2,40.46,0,0.5374279858238367
Z56854473,CC(=O)C=1C=CC=2OCCOC2C1,,178.18699999999995,1.6603999999999999,0,3,35.53,1,0.20271440733695836
Z56946871,NC=1C=CC(F)=CC1C(=O)O,,155.12800000000001,1.1061,2,2,63.32000000000001,1,0.5059802826920615
Z104478452,COC=1C=CC(=CC1OC)C(=O)O,,182.17499999999998,1.4020000000000001,1,3,55.760000000000005,3,0.008302020055722871
Z104474062,O=C(O)C=1C=CC=C(Cl)C1,,156.56799999999998,2.0382,1,1,37.3,1,0.1592631876712351
Z608061328,O=C(O)CC=1C=CC=CC1O,,152.14899999999997,1.0192999999999999,2,2,57.53,2,0.11577273744520493
Z104479892,O=C(O)CCC1CCCCC1,,156.22499999999997,2.4315000000000007,1,1,37.3,3,0.002988894138450864
Z57825381,O=C(O)C=1C=CC=CC1Br,,201.01899999999995,2.1473000000000004,1,1,37.3,1,0.09253804244960015
Z728187792,C1=CNC(=N1)C=2C=CN=CC2,,145.165,1.4716999999999998,1,2,41.57,1,0.3726043479749727
Z56862720,O=C(O)CCC1=NC=2C=CC=CC2NC1=O,,218.21200000000002,0.9402999999999999,2,3,83.04999999999998,3,0.009274173787064296
Z57127332,O=C(O)CCC=1C=CC=CC1,,150.177,1.7038,1,1,37.3,3,0.00900144069285025
Z104476002,O=C(O)C=1C=NC=CN1,,124.09899999999999,0.1747999999999999,1,3,63.08,1,2.097734312228744
Z56851240,NC=1C=CC(=CC1)S(N)(=O)=O,,172.20899999999997,-0.08379999999999999,2,3,86.18,1,1.8033251717652763
Z111833788,CC=1C=CC(N)=C(C1)C(=O)O,,151.16500000000002,1.27542,2,2,63.32000000000001,1,0.40812542267632707
Z271005928,NCCCN1CCC=2C=CC=CC2C1,,190.29,1.3934999999999995,1,2,29.259999999999998,3,0.01127594544773364
Z119990438,O=C(O)C1=CC2=CC=C(Cl)C=C2N1,,195.605,2.5195,2,1,53.089999999999996,1,0.053064484782965445
Z1198172211,O=C(O)C1=CC=2OC=CC2N1,,151.12099999999998,1.4591,2,2,66.22999999999999,1,0.3004426740757778
Z1509140850,COC=1C=CC=2NC=C(CN(C)C)C2C1,,204.27299999999997,2.2381,1,2,28.259999999999998,3,0.0029522651986947325
Z104478552,O=C(O)CC=1C(Cl)=CC=CC1Cl,,205.04000000000002,2.6205000000000007,1,1,37.3,2,0.008163484888791872
Z104507276,COC=1C=CC=2NC=CC2C1,,147.177,2.1765,1,1,25.02,1,0.1659692174122975
Z45415607,CCCC=1C=CC(=CC1)S(N)(=O)=O,,199.27499999999995,1.2865,1,2,60.160000000000004,3,0.007915763637252483
Z56922074,O=C1C=C(O)C=2C=CC=CC2O1,,162.14399999999998,1.4986,1,3,50.44,0,1.5270388371862582
Z56900768,O=C(O)COC=1C=CC=C2C=CC=CC12,,202.209,2.3032000000000004,1,2,46.53,3,0.002127691611876044
Z203881854,CC=1C=CC(F)=CC1C(=O)O,,154.14000000000001,1.8323200000000002,1,1,37.3,1,0.21881936562776677
Z178961272,O=C(O)CCC=1C=CC(Cl)=CC1,,184.622,2.3572000000000006,1,1,37.3,3,0.0026229562776332893
Z106939542,NC=1C=C(F)C=CC1C(=O)O,,155.128,1.1061,2,2,63.32000000000001,1,0.5059802826920614
Z90120144,N#CCC=1C=CC(O)=CC1,,133.14999999999998,1.45828,1,2,44.019999999999996,1,0.3999215166705644
Z89267039,NC1=NC=2C=C(Cl)C=CC2O1,,168.58299999999997,2.0633999999999997,1,3,52.05,0,0.6242480264470862
Z45415617,NS(=O)(=O)C=1C=C(Cl)C=C(Cl)C1,,226.084,1.6408000000000005,1,2,60.160000000000004,1,0.1106330864002336
Z425794744,CC1=NC=CN1CCO,,126.15899999999999,0.18381999999999993,1,3,38.05,2,0.5255642765949037
Z1192367241,CC=1C=C(C)N=C(N)C1,,122.171,1.28064,1,2,38.91,0,3.2752520617589043
Z234895085,NC=1C=NC=2C=CC=CC2C1,,144.17699999999996,1.817,1,2,38.91,0,1.2966673772044717
Z1259162108,NC=1C=CC=C2NC=NC12,,133.154,1.1451,2,2,54.7,0,3.4768537051790434
Z800222638,O=C(O)C1=CSC=N1,,129.14,0.8413,1,3,50.19,1,0.9230681839131131
Z104475374,CC=1C=CC(N)=NC1,,108.14400000000002,0.9722199999999999,1,2,38.91,0,5.540526406587116
Z317038012,O=C(O)CCC=1C=CC(O)=CC1,,166.17600000000002,1.4094,2,2,57.53,3,0.010694859927572527
Z94601331,CNC(=O)C=1C=C(Cl)C=CN1,,170.599,1.0946,1,2,41.99,1,0.5232686078393017
Z104478032,OCC=1C=CC(Cl)=CC1,,142.585,1.8322999999999998,1,1,20.23,1,0.3022162691774911
Z104478474,CCC=1C=CC(=CC1)C(=O)O,,150.17699999999996,1.9472,1,1,37.3,2,0.03475121748700475
Z45415618,NS(=O)(=O)C=1C=CC=CC1Cl,,191.63899999999998,0.9874000000000002,1,2,60.160000000000004,1,0.39563991144208716
Z1160902020,FC=1C=CC=2NC=CC2C1,,135.141,2.3070000000000004,1,0,15.79,0,0.9348951962051418
Z1201618250,O=C(O)C1=COC=2CCCC(=O)C12,,180.15899999999996,1.4968,1,3,67.50999999999999,1,0.1890715404298083
Z1201620809,FC=1C=C(F)C=2NC=CC2C1,,153.131,2.4461000000000004,1,0,15.79,0,0.6696809093269648
Z89283908,O=C(O)C1=CNC2=CC=CC=C12,,161.16,1.8660999999999999,2,1,53.089999999999996,1,0.18445152860937644
Z57169486,O=C1C=CC=2C=CC=CC2O1,,146.14499999999998,1.793,0,2,30.21,0,1.2818433704475027
Z104482458,CC=1ON=C(C1C(=O)O)C=2C=CC=CC2,,203.197,2.3482200000000004,1,3,63.33,2,0.008604730875560159
Z56820416,NC1=NNC=2C=CC=CC12,,133.15399999999997,1.1451,2,2,54.699999999999996,0,3.4768537051790425
Z119989628,CC=1C=CC=2C=C(NC2C1)C(=O)O,,175.187,2.1745199999999993,2,1,53.09,1,0.10491917707763453
Z147641710,O=C1CNC=2C=CC(=CC2N1)C(F)(F)F,,216.16199999999995,2.0694,2,2,41.13,0,0.5445941224955599
Z235348069,NC=1C=CC=C2C=NNC12,,133.154,1.1451,2,2,54.699999999999996,0,3.4768537051790434
Z53021532,NS(=O)(=O)C=1C=CC(=CC1)C(=O)O,,201.20299999999997,0.03219999999999995,2,3,97.46000000000001,2,0.18328623572206842
Z56899125,NC1=NC=2C=CC(F)=CC2S1,,168.19599999999997,2.0176,1,3,38.91,0,0.8025137150638785
Z104495736,NC=1C=CC=CC1CO,,123.15499999999999,0.7610999999999999,2,2,46.25,1,1.3240306800397064
Z104502228,NC(=O)C=1C=CC(O)=CC1,,137.13799999999998,0.49110000000000004,2,2,63.32000000000001,1,1.4112020916529537
Z104477464,C1=CC=C(C=C1)CC=2C=CN=CC2,,169.227,2.6724000000000006,0,1,12.89,2,0.012540367258811216
Z1201621962,O=C(O)C=1C=CC(=NC1)C=2C=CC=CC2,,199.209,2.4468000000000005,1,2,50.19,2,0.009280879957672638
Z45415581,NS(=O)(=O)C=1C=CC=CC1F,,175.18399999999997,0.4731000000000002,1,2,60.160000000000004,1,0.9645852984673785
Z336087926,CCCC=1C=CC=CC1N,,135.20999999999995,2.2213000000000003,1,1,26.02,2,0.030420602605153335
Z317037960,CC=1C=CC=CC1CCC(=O)O,,164.204,2.0122199999999997,1,1,37.3,3,0.005150155384901937
Z104476066,O=C(O)CC1=CC=C(Cl)C(Cl)=C1,,205.04,2.6205000000000007,1,1,37.3,2,0.00816348488879187
Z1201620461,CC=1C(O)=CC=CC1C(=O)O,,152.14899999999997,1.3988200000000002,2,2,57.53,1,0.3668670455720579
Z361423098,NC=1C=CC=2N=C(CC=3C=CC=CC3)OC2C1,,224.26300000000003,3.0008000000000017,1,3,52.05,2,0.0031880346095059277
Z104501152,CC1=CC(C)=NC(N)=N1,,123.15900000000002,0.6756399999999999,1,3,51.8,0,6.552803636750725
Z57127903,O=C1NC=2C=CC=CC2C1=O,,147.13299999999995,0.8213999999999999,1,2,46.17,0,4.863887151691474
Z57984669,CC1=NC(=CS1)C2=CC=CC(N)=C2,,190.271,2.7007199999999996,1,3,38.91,1,0.04474853283168678
Z1162450204,N#CCC1=CNC=2C=CC(Cl)=CC12,,190.63299999999998,2.887380000000001,1,1,39.58,1,0.03370886132524756
Z385446074,CC=1C=CC=2C(=CNC2C1)C(=O)O,,175.187,2.1745199999999993,2,1,53.09,1,0.10491917707763453
Z1378432729,NS(=O)(=O)C1=CC2=CC=CC=C2O1,,197.215,1.0802000000000005,1,3,73.30000000000001,1,0.27408227086809
Z316118634,O=C(O)C=1C=CC=C2OCCOC12,,180.15899999999993,1.156,1,3,55.760000000000005,1,0.36461133225367687
Z255114686,NC=1C=CC=2N=CC=CC2C1,,144.177,1.817,1,2,38.91,0,1.2966673772044708
Z57221419,CC(=O)C=1C=CC(O)=C(C)C1,,150.17699999999996,1.90322,1,2,37.3,1,0.2035529610769351
Z979311300,CC=1C=CC=2NC=CC2C1,,131.178,2.4763200000000003,1,0,15.79,0,0.7511657974892565
Z57033885,O=C1CCNC(=O)N1,,114.10399999999998,-0.7841,2,2,58.2,0,61.184169471914856
Z1203162033,COC=1C=C(C=CC1O)CC(=O)O,,182.17499999999995,1.0279,2,3,66.76,3,0.014284557060263594
Z104503564,O=C(O)C=1C=CC(O)=C(Cl)C1,,172.56699999999998,1.7437999999999998,2,2,57.53,1,0.18848133498198222
Z300095616,NS(=O)(=O)N1CCCCC1,,164.22999999999996,-0.3241999999999998,1,2,63.400000000000006,1,3.214197010947966
Z19674820,COC(=O)C=1C=CC(O)=CC1,,152.149,1.1788,1,3,46.53,1,0.5048022736274217
Z666140572,O=C(O)C1=CC=2SC=CC2S1,,184.241,2.6610000000000005,1,3,37.3,1,0.05115193677988956
Z99601182,O=C(O)C=1C=NN(C1)C=2C=CC=CC2,,188.18600000000004,1.5705,1,3,55.12,2,0.0341742593650727
Z57376600,CC=1N=C(N)C=CC1Br,,187.03999999999996,1.73472,1,2,38.91,0,1.0279047993648953
Z362758732,CC=1C=C(C)C(N)=C(C1)C(=O)O,,165.192,1.5838400000000001,2,2,63.32000000000001,1,0.23337772999983006
Z57127443,CC(=O)C=1C=CC=C(N)C1,,135.166,1.4714,1,2,43.09,1,0.3920272551611098
Z57127875,CC=1C=CC(N)=CC1,,107.156,1.5772199999999998,1,1,26.02,0,2.7661816343743317
Z1203734446,CN1C=CC=2C=CNC2C1=O,,148.165,0.8665999999999998,1,2,37.79,0,5.074866537627051
Z235000792,O=C(O)C1=CC=2C=CSC2N1,,167.189,1.9275999999999998,2,2,53.089999999999996,1,0.16058608122286544
Z362758748,NC=1C(F)=CC=CC1C(=O)O,,155.128,1.1061,2,2,63.32000000000001,1,0.5059802826920614
Z57127446,NC=1C=CC(=CC1)C(=O)O,,137.138,0.9670000000000001,2,2,63.32000000000001,1,0.7075745624636585
Z33546479,NC(=O)C=1C=CC=C(Cl)C1,,155.58399999999997,1.4389,1,1,43.09,1,0.3534248910794982
Z335244742,OCC=1C=CC(Br)=CC1,,187.036,1.9413999999999998,1,1,20.23,1,0.17940725690309514
Z56871698,O=C(O)CC1=NNC(=O)C=2C=CC=CC12,,204.18500000000003,0.5501999999999998,2,3,83.04999999999998,2,0.10260082063939371
Z56858159,CN(C)C=1C=CC=C(C1)C(=O)NN,,179.22299999999996,0.3561,2,3,58.36,2,0.23972213816802948
Z104478044,O=C(O)CCC1CCCC1,,142.19799999999998,2.0414000000000003,1,1,37.3,3,0.0058530722914546165
Z1198261676,CC=1N=CC(C)=C(N)N1,,123.159,0.6756399999999999,1,3,51.8,0,6.552803636750724
Z56862402,O=C1C(=O)N(CC=2C=CC=CC2)C=3C=CC=CC13,,237.258,2.4161,0,2,37.38,2,0.006883324835831994
Z1198175704,CC1=NN(C)C(C)=C1CCO,,154.213,0.5717399999999999,1,3,38.05,2,0.24519080858277092
Z53116464,NC(=O)CCN1C=NC2=CC=CC=C21,,189.21800000000002,0.9116999999999992,1,3,60.910000000000004,3,0.014790397557980369
Z235348085,O=C(O)C1=CC2=CC(F)=CC=C2N1,,179.15,2.0052,2,1,53.089999999999996,1,0.12961964046980418
Z57127459,CC(=O)C=1C=CC(Br)=CC1,,199.04699999999997,2.651700000000001,0,1,17.07,1,0.05150782794976269
Z397587326,OCCC=1C=CC(F)=CC1,,140.15699999999998,1.3605,1,1,20.23,2,0.1109548761622532
Z56895714,CC1=CC=C(O1)C(=O)O,,126.11099999999999,1.28622,1,2,50.44,1,0.4919332406340139
Z276614452,C1=NNC=2C=CC=CC12,,118.13899999999995,1.5629,1,1,28.68,0,2.5658099821713396
Z104473586,OCCC=1C=CC=CC1,,122.16699999999996,1.2214,1,1,20.23,2,0.1529876977771874
Z104474214,O=C(O)CC=1C=CC=CC1C(=O)O,,180.15899999999996,1.0119,2,2,74.6,3,0.013352825163418175
Z33546516,NC(=O)C1CCCCC1,,127.18700000000001,1.0519999999999996,1,1,43.09,1,0.7595971447560012
Z199537270,CC1(CCCC1)C(=O)O,,128.171,1.6513,1,1,37.3,1,0.3427761311947941
Z57493539,CC=1C=CC(=CN1)C(N)=O,,136.15400000000002,0.48892000000000013,1,2,55.98,1,1.35511453880975
Z57042001,CC(=O)NC=1C=CC(=CC1)C(=O)O,,179.17499999999998,1.3432,2,2,66.4,2,0.05125974166648505
Z104472798,NC1=NC=CS1,,100.14599999999999,0.7253000000000001,1,3,38.91,0,8.228665484099391
Z57069881,CC=1C=CC=2N=C(N)SC2C1,,164.23300000000003,2.1869199999999998,1,3,38.91,0,0.6486287971114744
Z271099378,C1=CC=2C=CC=NC2N1,,118.13899999999998,1.5628999999999997,1,1,28.68,0,2.5658099821713414
Z68590124,NC(=O)C=1C=CC=CC1O,,137.13799999999998,0.49110000000000004,2,2,63.32000000000001,1,1.4112020916529537
Z57036632,NC(=O)C=1C=CC=CC1N,,136.15399999999994,0.3677,2,2,69.11,1,1.5687892502904504
Z218760918,NC1=NOC=2C=CC=CC12,,134.13799999999998,1.41,1,3,52.05,0,2.095541310433475
Z104473840,N#CC=1C=CC(O)=CC1,,119.12299999999996,1.26388,1,2,44.019999999999996,0,3.184700691441204
Z1269159102,O=C(O)CC=1C=C(Cl)C=C(Cl)C1,,205.04000000000002,2.6205000000000007,1,1,37.3,2,0.008163484888791872
Z404012058,NC=1C=CC=C(C1)OC=2C=CC=CN2,,186.21400000000003,2.4561,1,3,48.14,2,0.01059991857413157
Z607808530,O=C(O)C1CC=2C=CC=CC2C1,,162.188,1.486,1,1,37.3,1,0.33921349252962835
Z2472857622,Cl.CC(=O)NC1=CC=CC(N)=C1,,186.642,1.649,2,2,55.120000000000005,1,0.19780578081833092
Z56896352,NC1=NC=2C=CC(Cl)=CC2S1,,184.65099999999998,2.5319000000000003,1,3,38.91,0,0.33033794592290655
Z440825046,C1=CN(C=N1)C=2C=CC=CC2,,144.177,1.8722999999999999,0,2,17.82,1,0.25033961765010176
Z56926682,OCN1C=NC=2C=CC=CC21,,148.16499999999996,0.9861,1,3,38.05,1,0.7737125214435802
Z256708526,O=C1NS(=O)(=O)C2=CC=CC=C12,,183.18800000000002,0.11869999999999997,1,3,63.24,0,7.9233788371961476
Z57114989,CCN1C(=O)NC=2C=CC=CC21,,162.19199999999998,1.3495,1,2,37.79,1,0.4106899063050415
Z57842700,C1=CN(C=N1)CC=2C=CC=CC2,,158.204,1.9313999999999998,0,2,17.82,2,0.03755352077775392
Z57036327,NNC(=O)C=1C=CC(O)=CC1,,152.153,-0.004300000000000248,3,3,75.35,1,2.5558827081356363
Z104473324,O=C(O)C=1C=CC(Cl)=CC1,,156.56799999999998,2.0382,1,1,37.3,1,0.1592631876712351
Z56858257,NC1=NC=2C=CC(Br)=CC2S1,,229.10199999999998,2.641,1,3,38.91,0,0.1854840117488973
Z104474598,COC=1C=CC(O)=CC1,,124.13899999999997,1.4008,1,2,29.46,1,0.5636148698906708
Z385446076,O=C(O)C1=CNC=2C=C(Cl)C=CC12,,195.605,2.5195000000000007,2,1,53.089999999999996,1,0.053064484782965445
Z104495626,CC=1C=CC=CC1C(=O)O,,136.15,1.69322,1,1,37.3,1,0.3057447762276472
Z56931884,COC=1C=CC(=CC1)C(=O)O,,152.14899999999997,1.3934,1,2,46.53,2,0.06728578170965648
Z57473020,O=C1C=CC=2C=CC=CC2N1,,145.161,1.5280999999999998,1,1,32.86,0,2.128083925828932
Z56912586,NC1=NC=2C=CC=CC2S1,,150.20599999999996,1.8784999999999998,1,3,38.91,0,1.1336919972855368
Z57202012,O=C(O)C1=CC=CC(=N1)C(=O)O,,167.11999999999998,0.4779999999999999,2,3,87.49,2,0.148869053435268
Z45415561,COC=1C=CC(=CC1)S(N)(=O)=O,,187.21999999999997,0.3426000000000001,1,3,69.39,2,0.16803905901343433
Z285141528,CS(=O)(=O)NCC1CCNCC1,,192.28399999999996,-0.4648000000000001,2,3,58.2,3,0.12805789185130687
Z362847958,CN1C2CCC1CC(=O)C2,,139.19799999999998,0.8120999999999999,0,2,20.310000000000002,0,6.413903114192776
Z57367354,O=C(O)C=1C=CC(F)=CC1,,140.113,1.5239,1,1,37.3,1,0.3801200974894928
Z57182011,O=C(O)COC=1C=CC=CC1,,152.149,1.1500000000000001,1,2,46.53,3,0.017428712353978144
Z45415565,CCOC=1C=CC(=CC1)S(N)(=O)=O,,201.24699999999996,0.7327000000000001,1,3,69.39,3,0.015277666132891176
Z596250880,O=C(O)CC1=CNC=2C=CC(Br)=CC12,,254.083,2.557500000000001,2,1,53.089999999999996,2,0.005151052883003079
Z1741960310,Cl.NCCC1=CNC=2C=CC(F)=CC12,,214.671,2.2300000000000004,2,1,41.81,2,0.014356652198183387
Z1201619441,CCOC(=O)C=1C(C)=NNC1C,,168.196,1.2032399999999999,1,3,54.98,2,0.06935523750353732
Z1198265898,O=C(O)CC1=CC2=CC=CC=C2S1,,192.239,2.5284000000000013,1,2,37.3,2,0.010501895649318598
Z316258762,O=C(O)COC1CCCC1,,144.17,1.0301999999999998,1,2,46.53,3,0.022019877492963892
Z239129930,O=C(O)CNC(=O)C=1C=CC=C(O)C1,,195.174,0.20659999999999962,3,3,86.63000000000001,3,0.03701733616143361
Z445135574,NC1=CC=C2C=CS(=O)(=O)C2=C1,,181.21599999999998,1.0268000000000002,1,3,60.160000000000004,0,2.2532705468398775
Z317268638,C1CCN(CC1)C2CCNCC2,,168.28399999999996,1.2242999999999997,1,2,15.27,1,0.6393711358963238
Z431554234,NC=1C=CC(=CC1O)C(=O)O,,153.137,0.6726,3,3,83.55,1,0.8483845186212688
Z1267773750,Cl.Cl.NCCC1=CNC=N1,,184.07000000000005,0.7545000000000002,2,2,54.7,2,0.13558573892866008
Z147646794,OC=1C(F)=CC=CC1F,,130.09299999999996,1.6704,1,1,20.23,0,2.2905792849440707
Z227832752,O=C(O)C=1SC=CC1N2C=CC=C2,,193.227,2.237,1,3,42.23,2,0.014837830689894358
Z335245004,OCC=1C=CC=CC1Br,,187.03599999999997,1.9413999999999998,1,1,20.23,1,0.17940725690309547
Z57073754,O=C(O)C=1C=CC(O)=C(F)C1,,156.11199999999997,1.2294999999999998,2,2,57.53,1,0.45475437680758285
Z1203162319,OC=1C=CC=2NC=CC2C1,,133.15,1.8735,2,1,36.019999999999996,0,1.5645381977084794
Z57183224,O=C1NC=2C=C(Cl)C=CC2O1,,169.56699999999998,1.7745,1,2,46.0,0,1.0235072813825417
Z1203162487,NC=1N=CC=C2C=CC=CC12,,144.17699999999996,1.817,1,2,38.91,0,1.2966673772044717
Z424764636,NC=1C=CC=C(F)C1C(=O)O,,155.12800000000001,1.1061,2,2,63.32000000000001,1,0.5059802826920615
Z440623534,FC(F)(F)C1=CN=CN1,,136.076,1.4284999999999997,1,1,28.68,0,2.780195490411583
Z431983770,CC(C)N1C=NC2=CC(=CC=C21)C(=O)O,,204.22899999999998,2.3154,1,3,55.120000000000005,2,0.01001095734319541
Z385412938,O=C(C=1C=CN=CC1)C=2C=CC(F)=CC2,,201.2,2.4517000000000007,0,2,29.96,2,0.010276778033796953
Z56924437,CC1=CC=CC(C)=C1OCC(=O)O,,180.20299999999997,1.76684,1,2,46.53,3,0.005652157000599716
Z56969320,OC=1C=CC(=CC1)N2C=CN=C2,,160.17600000000002,1.5778999999999999,1,3,38.05,1,0.2986271187196399
Z45415568,NS(=O)(=O)C=1C=CC=C(F)C1,,175.18399999999997,0.4731000000000002,1,2,60.160000000000004,1,0.9645852984673785
Z1455658966,Cl.NC1CCN(CC1)C(=O)C2CC2,,204.70099999999996,0.7678999999999996,1,2,46.33,1,0.5837363850185704
Z45636695,CS(=O)(=O)NC=1C=CC(=CC1)C(=O)O,,215.23000000000002,0.7563,2,3,83.47,3,0.012393324058039544
Z45415564,CC=1C=CC(=CC1)S(N)(=O)=O,,171.22099999999998,0.6424200000000001,1,2,60.160000000000004,1,0.7803729897222207
Z1096153758,COC=1C=CC=2NC(=CC2C1)C(=O)O,,191.18599999999998,1.8746999999999998,2,2,62.32000000000001,2,0.022548719647211904
Z1198176426,CC1(C)CNCC2=CC=CC=C21,,161.248,2.0674,1,1,12.03,0,1.1458156155882404
Z1255431342,CSC=1C=CC(O)=C(C1)C(=O)O,,184.21599999999998,1.8123,2,3,57.53,2,0.028071081684313475
Z2512961790,Cl.FC(F)(F)C=1C=CN=C(N1)C2CCCN2,,253.655,2.3417000000000003,1,3,37.81,1,0.04125260966341916
Z104511114,CSC=1C=CC(N)=CC1,,139.22299999999998,1.9907000000000001,1,2,26.02,1,0.22712627996213036
Z1157728598,N#CC=1C=CC(O)=CC1F,,137.11299999999997,1.4029800000000001,1,2,44.019999999999996,0,2.3172913110799724
Z56801375,O=C1NCCC=2C=CC=CC12,,147.177,0.9724999999999999,1,1,29.1,0,4.943875735234216
Z31725206,O=C(NCCO)C=1C=CC(Cl)=CC1,,199.637,1.0621,2,2,49.33,3,0.014770276826069576
Z56754502,NC1=CC=C2OC(=O)C=CC2=C1,,161.16,1.3752,1,3,56.23,0,1.6994533931172349
Z1269175847,O=C1CNC=2C=C(Br)C=CC2N1,,227.061,1.8130999999999997,2,2,41.13,0,0.7101193488969241
Z838909446,O=C(O)C1=CN=C2C=CC=CC2=C1,,173.171,1.9329999999999998,1,2,50.19,1,0.13548304997239857
Z363993550,O=C(O)C=1C=NC=C(C1)C=2C=CC=CC2,,199.209,2.4468000000000005,1,2,50.19,2,0.009280879957672638
Z104484428,NC=1C=CC(Br)=CC1C(=O)O,,216.03400000000002,1.7295,2,2,63.32000000000001,1,0.1195656163498006
Z1198181962,CC1=CC=2C=CC=CC2NC1=O,,159.18799999999996,1.83652,1,1,32.86,0,1.2211728112488083
Z234897299,CC(=O)C1=CNC=2C=C(F)C=CC12,,177.17799999999997,2.5096000000000007,1,1,32.86,1,0.07206065328628376
Z57326449,C=1C=C2OCOC2=CC1CNC3CCCC3,,219.28399999999993,2.4475000000000007,1,3,30.490000000000002,3,0.0018305480984718617
Z28269747,CC(=O)N1CCN(CC1)C=2C=CC(O)=CC2,,220.27200000000005,1.0606999999999998,1,3,43.78,1,0.3406841234559265
Z58981801,NNC(=O)C=1C=CN=CC1,,137.142,-0.3149000000000006,2,3,68.00999999999999,1,4.258111983236463
Z57842350,O=C(NO)C=1C=CC=CC1O,,153.13699999999997,0.5112000000000003,3,3,69.56,1,1.3008125997747744
Z56347387,NNC(=O)CC=1C=CC(F)=CC1,,168.171,0.3580999999999995,2,2,55.12,2,0.274642603041642
Z62452555,O=C1NC=NC=2C3=CC=CC=C3OC12,,186.17,1.6693,1,3,58.89,0,0.8642844488105025
Z119989626,CC=1C=CC=C2NC(=CC12)C(=O)O,,175.18699999999998,2.17452,2,1,53.09,1,0.1049191770776345
Z362635046,COC=1C=CC(N)=CC1F,,141.14499999999998,1.4164999999999999,1,2,35.25,1,0.4535983833763541
Z57127530,O=C(O)C=1C=CC(Br)=CC1,,201.019,2.1473000000000004,1,1,37.3,1,0.09253804244960018
Z359505658,O=C(O)CNC1CCCC1,,143.18599999999998,0.6031999999999995,2,2,49.33,3,0.046147837739638556
Z285150320,O=C(O)C1=CC=C2OCCC2=C1,,164.15999999999997,1.3196999999999999,1,2,46.53,1,0.37401097248660603
Z1203748449,NS(=O)(=O)C1=NC=CN1,,147.15900000000002,-0.9429000000000001,2,3,88.84,1,7.385638181455571
Z56767838,CNC1=NC=2C=CC=CC2N1,,147.18099999999998,1.6045999999999998,2,2,40.71,1,0.3565919619237068
Z57337726,CC(=O)C1=CNC2=CC=CC=C12,,159.188,2.3705000000000007,1,1,32.86,1,0.10241645196506825
Z1198154439,O=C1CCC2=CC=CC=3CCN1C32,,173.21499999999995,1.5219,0,1,20.310000000000002,0,1.753862321445065
Z104498098,O=C(O)C=1C=CC(O)=CC1,,138.12199999999999,1.0903999999999998,2,2,57.53,1,0.6364649003926109
Z104477292,O=C(O)C(C=1C=CC=CC1)C=2C=CC=CC2,,212.24800000000002,2.903100000000001,1,1,37.3,3,0.0009207739131423371
Z56928539,O=C(O)COC=1C(Cl)=CC=CC1Cl,,221.03900000000002,2.4568000000000003,1,2,46.53,3,0.0014225354800645506
Z228584328,O=C(O)CCC1=NC2=CC(Cl)=CC=C2S1,,241.699,2.9669000000000016,1,3,50.19,3,0.0005253564317908763
Z877546758,O=C1CCCC2=CC(O)=CC=C12,,162.188,1.9112,1,2,37.3,0,1.0059980025049629
Z56175684,O=C(O)CN1C(=O)C=2C=CC=CC2C1=O,,205.16899999999998,0.36720000000000014,1,3,74.68,2,0.12783446013674724
Z199451530,NCC1(CCCC1)C=2C=CC=CC2,,175.275,2.4571000000000005,1,1,26.02,2,0.015809639818811866
Z118530082,NC(=O)C1=CC=CC(N)=C1,,136.154,0.36770000000000025,2,2,69.11,1,1.5687892502904492
Z816000338,O=C(O)CC=1C=CC=C(O)C1,,152.149,1.0193,2,2,57.53,2,0.11577273744520485
Z111834284,CC=1C=C(Br)C=2NC(=O)C(=O)C2C1,,240.056,1.8923199999999996,1,2,46.17,0,0.44543441188760463
Z1255374820,CC1=NOC(C)=C1C=2C=CC=CC2,,173.215,2.9584400000000013,0,2,26.03,1,0.03669909022415379
Z608353738,O=C(O)C=1N=CC=CC1O,,139.10999999999999,0.4853999999999999,2,3,70.42,1,1.2721969516499672
Z362848468,O=C(O)C(=O)NC=1C=CC=CC1,,165.148,0.7096999999999998,2,2,66.39999999999999,1,0.7951420453613964
Z169855336,CC=1C=CC(=CC1)CCC(=O)O,,164.204,2.0122199999999997,1,1,37.3,3,0.005150155384901937
Z425794824,OCCN1C=CC=N1,,112.13199999999998,-0.12460000000000004,1,3,38.05,2,0.8927074689129106
Z147642456,CC=1C=CC(O)=C(C1)C(=O)O,,152.149,1.3988199999999997,2,2,57.53,1,0.36686704557205796
Z56899110,O=C1NC=2C=CC(Cl)=CC2C1=O,,181.57799999999997,1.4747999999999999,1,2,46.17,0,1.4227730434272277
Z104479728,CCC=1C=CC(O)=CC1,,122.16699999999996,1.9546,1,1,20.23,1,0.29022880204514934
Z104477768,CC=1N=CSC1CCO,,143.211,0.9863200000000001,1,3,33.120000000000005,2,0.1563027349599627
Z57070074,CC(=O)C1=CN(C)C=2C=CC=CC12,,173.215,2.3809000000000005,0,2,22.0,1,0.08967791412200699
Z1508918230,O=C(O)C1=CC=2C=C(Cl)SC2N1,,201.63400000000001,2.5810000000000004,2,2,53.089999999999996,1,0.045905314351167195
Z56347237,NC=1C=CC=2C=CC=CC2N1,,144.177,1.817,1,2,38.91,0,1.2966673772044708
